id_producto,semana,anio,unidades_vendidas,precio_promedio,venta_sem_anterior,promedio_2_sem,promedio_4_sem
61.0,27.0,2024.0,6,3750.06,0.0,0.0,0.0
61.0,33.0,2024.0,3,3477.45,6.0,0.0,0.0
61.0,34.0,2024.0,4,4611.96,3.0,4.5,0.0
61.0,41.0,2024.0,8,8799.68,4.0,3.5,0.0
61.0,43.0,2024.0,3,1566.3,8.0,6.0,5.25
61.0,44.0,2024.0,10,11240.0,3.0,5.5,4.5
61.0,46.0,2024.0,6,5363.58,10.0,6.5,6.25
61.0,48.0,2024.0,1,540.91,6.0,8.0,6.75
61.0,1.0,2025.0,8,10500.64,1.0,3.5,5.0
61.0,2.0,2025.0,5,3706.35,8.0,4.5,6.25
61.0,4.0,2025.0,5,6270.9,5.0,6.5,5.0
61.0,9.0,2025.0,2,1164.66,5.0,5.0,4.75
61.0,12.0,2025.0,9,1251.45,2.0,3.5,5.0
61.0,15.0,2025.0,5,6703.0,9.0,5.5,5.25
61.0,16.0,2025.0,3,2860.05,5.0,7.0,5.25
61.0,17.0,2025.0,8,11984.16,3.0,4.0,4.75
61.0,19.0,2025.0,10,12503.4,8.0,5.5,6.25
61.0,21.0,2025.0,2,2359.04,10.0,9.0,6.5
61.0,28.0,2025.0,3,1926.12,2.0,6.0,5.75
61.0,33.0,2025.0,7,7906.08,3.0,2.5,5.75
61.0,39.0,2025.0,7,8918.07,7.0,5.0,5.5
61.0,45.0,2025.0,10,10448.1,7.0,7.0,4.75
61.0,10.0,2026.0,1,625.01,10.0,8.5,6.75
61.0,11.0,2026.0,3,1875.03,1.0,5.5,6.25
61.0,14.0,2026.0,4,1250.02,3.0,2.0,5.25
61.0,15.0,2026.0,2,1250.02,4.0,3.5,4.5
61.0,16.0,2026.0,6,1875.03,2.0,3.0,2.5
61.0,17.0,2026.0,2,625.01,6.0,4.0,3.75
61.0,19.0,2026.0,3,1875.03,2.0,4.0,3.5
62.0,27.0,2024.0,1,84.42,0.0,0.0,0.0
62.0,28.0,2024.0,7,10075.73,1.0,0.0,0.0
62.0,35.0,2024.0,5,2205.65,7.0,4.0,0.0
62.0,40.0,2024.0,5,2634.8,5.0,6.0,0.0
62.0,46.0,2024.0,8,8818.8,5.0,5.0,4.5
62.0,52.0,2024.0,9,3389.76,8.0,6.5,6.25
62.0,2.0,2025.0,2,1583.02,9.0,8.5,6.75
62.0,6.0,2025.0,7,10118.43,2.0,5.5,6.0
62.0,7.0,2025.0,6,801.3,7.0,4.5,6.5
62.0,8.0,2025.0,8,7386.96,6.0,6.5,6.0
62.0,9.0,2025.0,10,3145.3,8.0,7.0,5.75
62.0,14.0,2025.0,8,1191.44,10.0,9.0,7.75
62.0,18.0,2025.0,8,4068.8,8.0,9.0,8.0
62.0,19.0,2025.0,6,3317.46,8.0,8.0,8.5
62.0,20.0,2025.0,9,10848.24,6.0,7.0,8.0
62.0,23.0,2025.0,6,457.26,9.0,7.5,7.75
62.0,24.0,2025.0,10,4517.1,6.0,7.5,7.25
62.0,28.0,2025.0,7,1533.21,10.0,8.0,7.75
62.0,38.0,2025.0,3,1343.76,7.0,8.5,8.0
62.0,39.0,2025.0,6,183.54,3.0,5.0,6.5
62.0,40.0,2025.0,8,7021.36,6.0,4.5,6.5
62.0,10.0,2026.0,3,253.26,8.0,7.0,6.0
62.0,14.0,2026.0,6,168.84,3.0,5.5,5.0
62.0,15.0,2026.0,6,253.26,6.0,4.5,5.75
62.0,16.0,2026.0,2,84.42,6.0,6.0,5.75
62.0,17.0,2026.0,1,84.42,2.0,4.0,4.25
62.0,18.0,2026.0,3,253.26,1.0,1.5,3.75
62.0,20.0,2026.0,11,309.54,3.0,2.0,3.0
62.0,21.0,2026.0,2,84.42,11.0,7.0,4.25
63.0,14.0,2026.0,1,560.97,0.0,0.0,0.0
63.0,18.0,2026.0,1,560.97,1.0,0.0,0.0
63.0,21.0,2026.0,3,1682.91,1.0,1.0,0.0
64.0,27.0,2024.0,10,11978.1,0.0,0.0,0.0
64.0,34.0,2024.0,8,2240.32,10.0,0.0,0.0
64.0,35.0,2024.0,5,344.4,8.0,9.0,0.0
64.0,40.0,2024.0,6,1969.26,5.0,6.5,0.0
64.0,41.0,2024.0,4,970.88,6.0,5.5,7.25
64.0,48.0,2024.0,9,7371.45,4.0,5.0,5.75
64.0,51.0,2024.0,1,1446.13,9.0,6.5,6.0
64.0,2.0,2025.0,6,7395.66,1.0,5.0,5.0
64.0,5.0,2025.0,5,2401.98,6.0,3.5,5.0
64.0,7.0,2025.0,3,502.56,5.0,5.5,5.25
64.0,11.0,2025.0,3,2261.1,3.0,4.0,3.75
64.0,18.0,2025.0,2,1858.8,3.0,3.0,4.25
64.0,19.0,2025.0,6,7287.66,2.0,2.5,3.25
64.0,22.0,2025.0,3,3758.67,6.0,4.0,3.5
64.0,24.0,2025.0,10,14858.4,3.0,4.5,3.5
64.0,27.0,2025.0,3,275.73,10.0,6.5,5.25
64.0,33.0,2025.0,4,5890.12,3.0,6.5,5.5
64.0,41.0,2025.0,5,5668.85,4.0,3.5,5.0
64.0,42.0,2025.0,8,4383.68,5.0,4.5,5.5
64.0,43.0,2025.0,7,5361.72,8.0,6.5,5.0
64.0,45.0,2025.0,7,958.23,7.0,7.5,6.0
64.0,10.0,2026.0,3,1796.715,7.0,7.0,6.75
64.0,12.0,2026.0,3,3593.43,3.0,5.0,6.25
64.0,13.0,2026.0,1,1197.81,3.0,3.0,5.0
64.0,14.0,2026.0,3,3593.43,1.0,2.0,3.5
64.0,16.0,2026.0,2,2395.62,3.0,2.0,2.5
64.0,18.0,2026.0,5,2994.525,2.0,2.5,2.25
64.0,20.0,2026.0,3,3593.43,5.0,3.5,2.75
65.0,27.0,2024.0,2,699.96,0.0,0.0,0.0
65.0,31.0,2024.0,9,13068.27,2.0,0.0,0.0
65.0,36.0,2024.0,4,1541.44,9.0,5.5,0.0
65.0,39.0,2024.0,1,1233.14,4.0,6.5,0.0
65.0,47.0,2024.0,5,6707.55,1.0,2.5,4.0
65.0,8.0,2025.0,8,3020.16,5.0,3.0,4.75
65.0,9.0,2025.0,1,908.59,8.0,6.5,4.5
65.0,14.0,2025.0,2,2526.0,1.0,4.5,3.75
65.0,15.0,2025.0,6,812.82,2.0,1.5,4.0
65.0,17.0,2025.0,4,1324.56,6.0,4.0,4.25
65.0,24.0,2025.0,2,934.565,4.0,5.0,3.25
65.0,26.0,2025.0,7,5500.53,2.0,3.0,3.5
65.0,28.0,2025.0,3,3568.5,7.0,4.5,4.75
65.0,34.0,2025.0,4,819.2,3.0,5.0,4.0
65.0,36.0,2025.0,4,5307.32,4.0,3.5,4.0
65.0,10.0,2026.0,3,524.97,4.0,4.0,4.5
65.0,11.0,2026.0,1,349.98,3.0,3.5,3.5
65.0,13.0,2026.0,1,349.98,1.0,2.0,3.0
65.0,16.0,2026.0,3,1049.94,1.0,1.0,2.25
65.0,17.0,2026.0,1,349.98,3.0,2.0,2.0
65.0,20.0,2026.0,2,699.96,1.0,2.0,1.5
65.0,21.0,2026.0,3,524.97,2.0,1.5,1.75
66.0,27.0,2024.0,7,2476.39,0.0,0.0,0.0
66.0,30.0,2024.0,3,2375.19,7.0,0.0,0.0
66.0,33.0,2024.0,8,8752.48,3.0,5.0,0.0
66.0,39.0,2024.0,7,5935.51,8.0,5.5,0.0
66.0,43.0,2024.0,11,3778.705,7.0,7.5,6.25
66.0,44.0,2024.0,5,5733.95,11.0,9.0,7.25
66.0,52.0,2024.0,2,1603.86,5.0,8.0,7.75
66.0,9.0,2025.0,6,2423.28,2.0,3.5,6.25
66.0,14.0,2025.0,1,936.18,6.0,4.0,6.0
66.0,20.0,2025.0,1,1104.24,1.0,3.5,3.5
66.0,30.0,2025.0,4,5709.76,1.0,1.0,2.5
66.0,43.0,2025.0,9,679.65,4.0,2.5,3.0
66.0,45.0,2025.0,6,6126.06,9.0,6.5,3.75
66.0,12.0,2026.0,2,707.54,6.0,7.5,5.0
66.0,15.0,2026.0,2,707.54,2.0,4.0,5.25
66.0,16.0,2026.0,2,707.54,2.0,2.0,4.75
66.0,17.0,2026.0,1,353.77,2.0,2.0,3.0
66.0,18.0,2026.0,7,825.4633333333334,1.0,1.5,1.75
66.0,20.0,2026.0,1,353.77,7.0,4.0,3.0
66.0,21.0,2026.0,3,1061.31,1.0,4.0,2.75
67.0,27.0,2024.0,3,2465.37,0.0,0.0,0.0
67.0,30.0,2024.0,14,1909.13,3.0,0.0,0.0
67.0,34.0,2024.0,5,4837.45,14.0,8.5,0.0
67.0,38.0,2024.0,14,4626.693333333334,5.0,9.5,0.0
67.0,41.0,2024.0,1,121.12,14.0,9.5,9.0
67.0,48.0,2024.0,3,99.6,1.0,7.5,8.5
67.0,2.0,2025.0,5,3903.75,3.0,2.0,5.75
67.0,4.0,2025.0,9,6377.67,5.0,4.0,5.75
67.0,10.0,2025.0,2,233.4,9.0,7.0,4.5
67.0,11.0,2025.0,5,7111.35,2.0,5.5,4.75
67.0,17.0,2025.0,9,13201.74,5.0,3.5,5.25
67.0,22.0,2025.0,9,11322.36,9.0,7.0,6.25
67.0,27.0,2025.0,3,2006.28,9.0,9.0,6.25
67.0,28.0,2025.0,6,6674.4,3.0,6.0,6.5
67.0,29.0,2025.0,9,1471.95,6.0,4.5,6.75
67.0,30.0,2025.0,1,994.86,9.0,7.5,6.75
67.0,32.0,2025.0,8,7380.56,1.0,5.0,4.75
67.0,42.0,2025.0,9,10353.6,8.0,4.5,6.0
67.0,43.0,2025.0,4,886.48,9.0,8.5,6.75
67.0,46.0,2025.0,4,1272.96,4.0,6.5,5.5
67.0,11.0,2026.0,1,821.79,4.0,4.0,6.25
67.0,12.0,2026.0,4,1643.58,1.0,2.5,4.5
67.0,13.0,2026.0,3,2465.37,4.0,2.5,3.25
67.0,14.0,2026.0,4,1643.58,3.0,3.5,3.0
67.0,15.0,2026.0,2,1643.58,4.0,3.5,3.0
67.0,17.0,2026.0,4,1643.58,2.0,3.0,3.25
67.0,18.0,2026.0,2,1643.58,4.0,3.0,3.25
68.0,28.0,2024.0,9,5179.41,0.0,0.0,0.0
68.0,32.0,2024.0,6,6695.1,9.0,0.0,0.0
68.0,39.0,2024.0,2,2652.36,6.0,7.5,0.0
68.0,42.0,2024.0,15,2269.215,2.0,4.0,0.0
68.0,45.0,2024.0,1,333.0,15.0,8.5,8.0
68.0,48.0,2024.0,6,655.08,1.0,8.0,6.0
68.0,49.0,2024.0,1,528.01,6.0,3.5,6.0
68.0,3.0,2025.0,4,5637.36,1.0,3.5,5.75
68.0,13.0,2025.0,5,3886.25,4.0,2.5,3.0
68.0,25.0,2025.0,2,382.12,5.0,4.5,4.0
68.0,27.0,2025.0,13,1469.7166666666667,2.0,3.5,3.0
68.0,28.0,2025.0,8,8199.6,13.0,7.5,6.0
68.0,33.0,2025.0,8,10122.88,8.0,10.5,7.0
68.0,42.0,2025.0,6,6419.46,8.0,8.0,7.75
68.0,46.0,2025.0,9,10389.15,6.0,7.0,8.75
68.0,10.0,2026.0,3,1726.47,9.0,7.5,7.75
68.0,14.0,2026.0,7,1007.1075,3.0,6.0,6.5
68.0,18.0,2026.0,4,1150.98,7.0,5.0,6.25
68.0,20.0,2026.0,2,1150.98,4.0,5.5,5.75
68.0,21.0,2026.0,2,1150.98,2.0,3.0,4.0
69.0,28.0,2024.0,3,3540.45,0.0,0.0,0.0
69.0,29.0,2024.0,3,1405.71,3.0,0.0,0.0
69.0,35.0,2024.0,1,1426.09,3.0,3.0,0.0
69.0,38.0,2024.0,8,2388.32,1.0,2.0,0.0
69.0,40.0,2024.0,7,5134.36,8.0,4.5,3.75
69.0,41.0,2024.0,3,3057.6,7.0,7.5,4.75
69.0,6.0,2025.0,3,2111.73,3.0,5.0,4.75
69.0,9.0,2025.0,10,8127.9,3.0,3.0,5.25
69.0,12.0,2025.0,4,5839.72,10.0,6.5,5.75
69.0,16.0,2025.0,1,985.28,4.0,7.0,5.0
69.0,25.0,2025.0,1,214.54,1.0,2.5,4.5
69.0,29.0,2025.0,7,516.115,1.0,1.0,4.0
69.0,30.0,2025.0,7,3346.49,7.0,4.0,3.25
69.0,10.0,2026.0,4,2360.3,7.0,7.0,4.0
69.0,11.0,2026.0,4,2360.3,4.0,5.5,4.75
69.0,12.0,2026.0,1,1180.15,4.0,4.0,5.5
69.0,18.0,2026.0,3,3540.45,1.0,2.5,4.0
69.0,19.0,2026.0,3,3540.45,3.0,2.0,3.0
69.0,20.0,2026.0,3,1180.15,3.0,3.0,2.75
69.0,21.0,2026.0,2,2360.3,3.0,3.0,2.5
70.0,28.0,2024.0,8,7585.12,0.0,0.0,0.0
70.0,39.0,2024.0,6,6014.04,8.0,0.0,0.0
70.0,41.0,2024.0,4,5013.0,6.0,7.0,0.0
70.0,43.0,2024.0,3,2851.56,4.0,5.0,0.0
70.0,13.0,2025.0,4,1170.36,3.0,3.5,5.25
70.0,17.0,2025.0,2,1731.36,4.0,3.5,4.25
70.0,21.0,2025.0,4,1083.0,2.0,3.0,3.25
70.0,37.0,2025.0,9,2123.91,4.0,3.0,3.25
70.0,38.0,2025.0,1,875.79,9.0,6.5,4.75
70.0,39.0,2025.0,5,7298.25,1.0,5.0,4.0
70.0,41.0,2025.0,10,890.8,5.0,3.0,4.75
70.0,46.0,2025.0,3,4164.03,10.0,7.5,6.25
70.0,10.0,2026.0,2,1896.28,3.0,6.5,4.75
70.0,12.0,2026.0,1,948.14,2.0,2.5,5.0
70.0,13.0,2026.0,1,948.14,1.0,1.5,4.0
70.0,14.0,2026.0,2,1896.28,1.0,1.0,1.75
70.0,18.0,2026.0,1,948.14,2.0,1.5,1.5
70.0,19.0,2026.0,4,1264.1866666666667,1.0,1.5,1.25
70.0,21.0,2026.0,3,2844.42,4.0,2.5,2.0
71.0,14.0,2026.0,2,484.48,0.0,0.0,0.0
71.0,15.0,2026.0,1,242.24,2.0,0.0,0.0
71.0,16.0,2026.0,3,726.72,1.0,1.5,0.0
71.0,17.0,2026.0,2,484.48,3.0,2.0,0.0
71.0,18.0,2026.0,3,726.72,2.0,2.5,2.0
71.0,20.0,2026.0,5,1211.2,3.0,2.5,2.25
71.0,21.0,2026.0,7,423.92,5.0,4.0,3.25
72.0,28.0,2024.0,2,2093.24,0.0,0.0,0.0
72.0,32.0,2024.0,4,5764.96,2.0,0.0,0.0
72.0,33.0,2024.0,6,7594.08,4.0,3.0,0.0
72.0,34.0,2024.0,3,4116.78,6.0,5.0,0.0
72.0,37.0,2024.0,4,3795.48,3.0,4.5,3.75
72.0,46.0,2024.0,7,5594.26,4.0,3.5,4.25
72.0,1.0,2025.0,9,600.03,7.0,5.5,5.0
72.0,8.0,2025.0,8,3800.8,9.0,8.0,5.75
72.0,9.0,2025.0,1,26.69,8.0,8.5,7.0
72.0,11.0,2025.0,6,6282.66,1.0,4.5,6.25
72.0,18.0,2025.0,2,1260.14,6.0,3.5,6.0
72.0,25.0,2025.0,4,5965.32,2.0,4.0,4.25
72.0,32.0,2025.0,13,2073.75,4.0,3.0,3.25
72.0,36.0,2025.0,7,2522.17,13.0,8.5,6.25
72.0,45.0,2025.0,8,11530.56,7.0,10.0,6.5
72.0,12.0,2026.0,3,3139.86,8.0,7.5,8.0
72.0,14.0,2026.0,3,3139.86,3.0,5.5,7.75
72.0,15.0,2026.0,3,3139.86,3.0,3.0,5.25
72.0,16.0,2026.0,2,2093.24,3.0,3.0,4.25
72.0,17.0,2026.0,3,1569.93,2.0,2.5,2.75
72.0,20.0,2026.0,3,3139.86,3.0,2.5,2.75
72.0,21.0,2026.0,6,3139.86,3.0,3.0,2.75
73.0,14.0,2026.0,1,35.19,0.0,0.0,0.0
73.0,16.0,2026.0,2,70.38,1.0,0.0,0.0
73.0,17.0,2026.0,3,105.57,2.0,1.5,0.0
73.0,18.0,2026.0,1,35.19,3.0,2.5,0.0
73.0,19.0,2026.0,4,70.38,1.0,2.0,1.75
74.0,29.0,2024.0,8,3638.225,0.0,0.0,0.0
74.0,40.0,2024.0,2,2923.28,8.0,0.0,0.0
74.0,45.0,2024.0,6,1637.94,2.0,5.0,0.0
74.0,49.0,2024.0,5,5846.75,6.0,4.0,0.0
74.0,51.0,2024.0,5,5820.65,5.0,5.5,5.25
74.0,9.0,2025.0,10,10860.6,5.0,5.0,4.5
74.0,10.0,2025.0,10,14946.3,10.0,7.5,6.5
74.0,12.0,2025.0,6,4469.4,10.0,10.0,7.5
74.0,15.0,2025.0,8,11430.08,6.0,8.0,7.75
74.0,22.0,2025.0,2,2355.44,8.0,7.0,8.5
74.0,23.0,2025.0,1,132.13,2.0,5.0,6.5
74.0,36.0,2025.0,9,13356.45,1.0,1.5,4.25
74.0,37.0,2025.0,10,12688.7,9.0,5.0,5.0
74.0,38.0,2025.0,7,2534.35,10.0,9.5,5.5
74.0,44.0,2025.0,17,3010.0,7.0,8.5,6.75
74.0,11.0,2026.0,6,1656.38,17.0,12.0,10.75
74.0,14.0,2026.0,2,1656.38,6.0,11.5,10.0
74.0,15.0,2026.0,3,828.19,2.0,4.0,8.0
74.0,16.0,2026.0,1,828.19,3.0,2.5,7.0
74.0,17.0,2026.0,6,2484.57,1.0,2.0,3.0
74.0,18.0,2026.0,9,1863.4275,6.0,3.5,3.0
74.0,19.0,2026.0,5,2070.475,9.0,7.5,4.75
75.0,29.0,2024.0,8,4497.76,0.0,0.0,0.0
75.0,32.0,2024.0,5,229.705,8.0,0.0,0.0
75.0,36.0,2024.0,12,2839.98,5.0,6.5,0.0
75.0,37.0,2024.0,2,971.94,12.0,8.5,0.0
75.0,40.0,2024.0,9,10184.85,2.0,7.0,6.75
75.0,42.0,2024.0,10,1883.1,9.0,5.5,7.0
75.0,44.0,2024.0,5,6495.15,10.0,9.5,8.25
75.0,8.0,2025.0,13,2828.52,5.0,7.5,6.5
75.0,13.0,2025.0,13,3486.245,13.0,9.0,9.25
75.0,14.0,2025.0,1,1304.03,13.0,13.0,10.25
75.0,19.0,2025.0,3,3435.18,1.0,7.0,8.0
75.0,23.0,2025.0,9,6599.61,3.0,2.0,7.5
75.0,29.0,2025.0,6,2451.48,9.0,6.0,6.5
75.0,32.0,2025.0,1,810.79,6.0,7.5,4.75
75.0,35.0,2025.0,10,9131.7,1.0,3.5,4.75
75.0,36.0,2025.0,8,9205.52,10.0,5.5,6.5
75.0,38.0,2025.0,5,3499.6,8.0,9.0,6.25
75.0,40.0,2025.0,8,9203.76,5.0,6.5,6.0
75.0,14.0,2026.0,1,562.22,8.0,6.5,7.75
75.0,15.0,2026.0,2,562.22,1.0,4.5,5.5
75.0,16.0,2026.0,5,1405.55,2.0,1.5,4.0
75.0,17.0,2026.0,1,562.22,5.0,3.5,4.0
75.0,21.0,2026.0,3,1686.66,1.0,3.0,2.25
75.0,22.0,2026.0,1,562.22,3.0,2.0,2.75
76.0,29.0,2024.0,6,5826.84,0.0,0.0,0.0
76.0,39.0,2024.0,7,10293.57,6.0,0.0,0.0
76.0,47.0,2024.0,5,5517.1,7.0,6.5,0.0
76.0,52.0,2024.0,4,2701.0,5.0,6.0,0.0
76.0,3.0,2025.0,10,6085.26,4.0,4.5,5.5
76.0,9.0,2025.0,5,1055.05,10.0,7.0,6.5
76.0,11.0,2025.0,1,1162.48,5.0,7.5,6.0
76.0,33.0,2025.0,2,1166.78,1.0,3.0,5.0
76.0,37.0,2025.0,6,322.98,2.0,1.5,4.5
76.0,38.0,2025.0,10,13435.3,6.0,4.0,3.5
76.0,39.0,2025.0,8,9584.24,10.0,8.0,4.75
76.0,10.0,2026.0,3,2913.42,8.0,9.0,6.5
76.0,13.0,2026.0,3,2913.42,3.0,5.5,6.75
76.0,15.0,2026.0,2,1942.28,3.0,3.0,6.0
76.0,19.0,2026.0,2,1942.28,2.0,2.5,4.0
76.0,20.0,2026.0,6,1942.28,2.0,2.0,2.5
76.0,21.0,2026.0,3,971.14,6.0,4.0,3.25
77.0,29.0,2024.0,10,11322.3,0.0,0.0,0.0
77.0,39.0,2024.0,6,4267.2,10.0,0.0,0.0
77.0,50.0,2024.0,6,8656.68,6.0,8.0,0.0
77.0,51.0,2024.0,4,3938.56,6.0,6.0,0.0
77.0,4.0,2025.0,8,2388.56,4.0,5.0,6.5
77.0,6.0,2025.0,6,1553.28,8.0,6.0,6.0
77.0,12.0,2025.0,1,118.62,6.0,7.0,6.0
77.0,17.0,2025.0,5,4275.1,1.0,3.5,4.75
77.0,20.0,2025.0,2,246.84,5.0,3.0,5.0
77.0,23.0,2025.0,6,4754.7,2.0,3.5,3.5
77.0,24.0,2025.0,6,3508.38,6.0,4.0,3.5
77.0,26.0,2025.0,9,8209.35,6.0,6.0,4.75
77.0,38.0,2025.0,8,4398.64,9.0,7.5,5.75
77.0,41.0,2025.0,6,334.86,8.0,8.5,7.25
77.0,42.0,2025.0,5,3751.65,6.0,7.0,7.25
77.0,44.0,2025.0,2,723.14,5.0,5.5,7.0
77.0,12.0,2026.0,4,2264.46,2.0,3.5,5.25
77.0,19.0,2026.0,5,2830.575,4.0,3.0,4.25
77.0,20.0,2026.0,3,1698.345,5.0,4.5,4.0
77.0,21.0,2026.0,6,3396.69,3.0,4.0,3.5
78.0,30.0,2024.0,7,9340.66,0.0,0.0,0.0
78.0,31.0,2024.0,10,2021.205,7.0,0.0,0.0
78.0,49.0,2024.0,2,1241.0,10.0,8.5,0.0
78.0,2.0,2025.0,3,3244.62,2.0,6.0,0.0
78.0,3.0,2025.0,3,464.67,3.0,2.5,5.5
78.0,6.0,2025.0,6,4440.6,3.0,3.0,4.5
78.0,8.0,2025.0,10,2460.3,6.0,4.5,3.5
78.0,13.0,2025.0,5,5098.0,10.0,8.0,5.5
78.0,15.0,2025.0,2,70.44,5.0,7.5,6.0
78.0,25.0,2025.0,10,4826.15,2.0,3.5,5.75
78.0,31.0,2025.0,1,1326.12,10.0,6.0,6.75
78.0,34.0,2025.0,7,295.12,1.0,5.5,4.5
78.0,10.0,2026.0,1,1334.38,7.0,4.0,5.0
78.0,14.0,2026.0,4,2668.76,1.0,4.0,4.75
78.0,15.0,2026.0,1,1334.38,4.0,2.5,3.25
78.0,16.0,2026.0,2,2668.76,1.0,2.5,3.25
78.0,18.0,2026.0,4,2668.76,2.0,1.5,2.0
78.0,20.0,2026.0,1,1334.38,4.0,3.0,2.75
79.0,30.0,2024.0,3,153.18,0.0,0.0,0.0
79.0,38.0,2024.0,1,1293.24,3.0,0.0,0.0
79.0,48.0,2024.0,8,11628.08,1.0,2.0,0.0
79.0,52.0,2024.0,1,157.57,8.0,4.5,0.0
79.0,20.0,2025.0,7,8343.37,1.0,4.5,3.25
79.0,21.0,2025.0,8,1564.18,7.0,4.0,4.25
79.0,37.0,2025.0,2,1423.5,8.0,7.5,6.0
79.0,40.0,2025.0,21,7400.506666666667,2.0,5.0,4.5
79.0,43.0,2025.0,3,3967.02,21.0,11.5,9.5
79.0,12.0,2026.0,2,51.06,3.0,12.0,8.5
79.0,13.0,2026.0,3,153.18,2.0,2.5,7.0
79.0,14.0,2026.0,3,153.18,3.0,2.5,7.25
79.0,17.0,2026.0,5,127.65,3.0,3.0,2.75
79.0,18.0,2026.0,4,102.12,5.0,4.0,3.25
79.0,19.0,2026.0,3,153.18,4.0,4.5,3.75
79.0,21.0,2026.0,2,102.12,3.0,3.5,3.75
80.0,30.0,2024.0,9,9501.75,0.0,0.0,0.0
80.0,31.0,2024.0,10,9168.7,9.0,0.0,0.0
80.0,49.0,2024.0,8,1584.72,10.0,9.5,0.0
80.0,15.0,2025.0,4,4538.8,8.0,9.0,0.0
80.0,18.0,2025.0,6,990.78,4.0,6.0,7.75
80.0,26.0,2025.0,5,5289.3,6.0,5.0,7.0
80.0,30.0,2025.0,8,10804.24,5.0,5.5,5.75
80.0,31.0,2025.0,5,1126.45,8.0,6.5,5.75
80.0,33.0,2025.0,4,2374.24,5.0,6.5,6.0
80.0,34.0,2025.0,3,2786.67,4.0,4.5,5.5
80.0,35.0,2025.0,6,5219.34,3.0,3.5,5.0
80.0,44.0,2025.0,15,5496.025,6.0,4.5,4.5
80.0,45.0,2025.0,8,5693.76,15.0,10.5,7.0
80.0,10.0,2026.0,1,1055.75,8.0,11.5,8.0
80.0,11.0,2026.0,1,1055.75,1.0,4.5,7.5
80.0,14.0,2026.0,3,3167.25,1.0,1.0,6.25
80.0,15.0,2026.0,3,3167.25,3.0,2.0,3.25
80.0,16.0,2026.0,3,3167.25,3.0,3.0,2.0
80.0,18.0,2026.0,3,1583.625,3.0,3.0,2.5
80.0,21.0,2026.0,3,3167.25,3.0,3.0,3.0
80.0,24.0,2026.0,1,1055.75,3.0,3.0,3.0
81.0,31.0,2024.0,7,4370.66,0.0,0.0,0.0
81.0,34.0,2024.0,2,769.8,7.0,0.0,0.0
81.0,42.0,2024.0,4,5541.88,2.0,4.5,0.0
81.0,44.0,2024.0,1,852.51,4.0,3.0,0.0
81.0,48.0,2024.0,4,193.8,1.0,2.5,3.5
81.0,3.0,2025.0,7,9985.22,4.0,2.5,2.75
81.0,4.0,2025.0,6,7466.28,7.0,5.5,4.0
81.0,7.0,2025.0,11,3617.435,6.0,6.5,4.5
81.0,8.0,2025.0,6,7823.52,11.0,8.5,7.0
81.0,14.0,2025.0,6,6936.72,6.0,8.5,7.5
81.0,18.0,2025.0,3,1163.91,6.0,6.0,7.25
81.0,31.0,2025.0,10,2344.3,3.0,4.5,6.5
81.0,32.0,2025.0,1,106.27,10.0,6.5,6.25
81.0,33.0,2025.0,7,1680.14,1.0,5.5,5.0
81.0,34.0,2025.0,1,1080.7,7.0,4.0,5.25
81.0,35.0,2025.0,3,3144.51,1.0,4.0,4.75
81.0,36.0,2025.0,3,389.52,3.0,2.0,3.0
81.0,12.0,2026.0,3,1873.14,3.0,3.0,3.5
81.0,14.0,2026.0,5,1560.95,3.0,3.0,2.5
81.0,16.0,2026.0,5,1560.95,5.0,4.0,3.5
81.0,17.0,2026.0,1,624.38,5.0,5.0,4.0
82.0,31.0,2024.0,5,2647.6,0.0,0.0,0.0
82.0,39.0,2024.0,9,834.48,5.0,0.0,0.0
82.0,45.0,2024.0,7,1277.575,9.0,7.0,0.0
82.0,1.0,2025.0,5,209.0,7.0,8.0,0.0
82.0,5.0,2025.0,5,5720.9,5.0,6.0,6.5
82.0,13.0,2025.0,5,1505.7,5.0,5.0,6.5
82.0,16.0,2025.0,4,1506.12,5.0,5.0,5.5
82.0,22.0,2025.0,9,5887.26,4.0,4.5,4.75
82.0,23.0,2025.0,6,468.3,9.0,6.5,5.75
82.0,26.0,2025.0,10,5096.5,6.0,7.5,6.0
82.0,30.0,2025.0,7,8008.63,10.0,8.0,7.25
82.0,34.0,2025.0,1,173.27,7.0,8.5,8.0
82.0,38.0,2025.0,4,4391.76,1.0,4.0,6.0
82.0,41.0,2025.0,2,2578.22,4.0,2.5,5.5
82.0,42.0,2025.0,9,3761.55,2.0,3.0,3.5
82.0,46.0,2025.0,8,659.04,9.0,5.5,4.0
82.0,10.0,2026.0,3,794.28,8.0,8.5,5.75
82.0,11.0,2026.0,5,1323.8,3.0,5.5,5.5
82.0,12.0,2026.0,3,1588.56,5.0,4.0,6.25
82.0,15.0,2026.0,2,1059.04,3.0,4.0,4.75
82.0,19.0,2026.0,2,1059.04,2.0,2.5,3.25
82.0,20.0,2026.0,2,1059.04,2.0,2.0,3.0
83.0,32.0,2024.0,9,11906.37,0.0,0.0,0.0
83.0,37.0,2024.0,4,1035.36,9.0,0.0,0.0
83.0,40.0,2024.0,2,746.76,4.0,6.5,0.0
83.0,42.0,2024.0,5,3103.05,2.0,3.0,0.0
83.0,50.0,2024.0,3,4420.65,5.0,3.5,5.0
83.0,51.0,2024.0,5,958.05,3.0,4.0,3.5
83.0,52.0,2024.0,3,711.99,5.0,4.0,3.75
83.0,2.0,2025.0,1,1485.35,3.0,4.0,4.0
83.0,5.0,2025.0,3,179.19,1.0,2.0,3.0
83.0,7.0,2025.0,8,9337.28,3.0,2.0,3.0
83.0,12.0,2025.0,4,3489.68,8.0,5.5,3.75
83.0,13.0,2025.0,1,1378.39,4.0,6.0,4.0
83.0,15.0,2025.0,7,187.67,1.0,2.5,4.0
83.0,20.0,2025.0,2,1728.5,7.0,4.0,5.0
83.0,25.0,2025.0,9,3777.93,2.0,4.5,3.5
83.0,36.0,2025.0,10,5070.5,9.0,5.5,4.75
83.0,40.0,2025.0,7,9926.35,10.0,9.5,7.0
83.0,45.0,2025.0,2,2822.7,7.0,8.5,7.0
83.0,46.0,2025.0,4,2166.56,2.0,4.5,7.0
83.0,10.0,2026.0,3,1984.395,4.0,3.0,5.75
83.0,11.0,2026.0,3,3968.79,3.0,3.5,4.0
83.0,12.0,2026.0,2,2645.86,3.0,3.0,3.0
83.0,14.0,2026.0,3,3968.79,2.0,2.5,3.0
83.0,15.0,2026.0,1,1322.93,3.0,2.5,2.75
83.0,17.0,2026.0,6,3968.79,1.0,2.0,2.25
83.0,18.0,2026.0,3,3968.79,6.0,3.5,3.0
84.0,32.0,2024.0,10,12425.3,0.0,0.0,0.0
84.0,36.0,2024.0,4,4424.68,10.0,0.0,0.0
84.0,41.0,2024.0,5,3133.8,4.0,7.0,0.0
84.0,43.0,2024.0,10,2682.47,5.0,4.5,0.0
84.0,44.0,2024.0,10,10533.0,10.0,7.5,7.25
84.0,45.0,2024.0,9,6299.1,10.0,10.0,7.25
84.0,46.0,2024.0,5,2053.65,9.0,9.5,8.5
84.0,47.0,2024.0,3,1915.98,5.0,7.0,8.5
84.0,51.0,2024.0,9,7442.01,3.0,4.0,6.75
84.0,3.0,2025.0,5,4180.05,9.0,6.0,6.5
84.0,9.0,2025.0,9,2505.69,5.0,7.0,5.5
84.0,10.0,2025.0,1,953.89,9.0,7.0,6.5
84.0,16.0,2025.0,5,4826.75,1.0,5.0,6.0
84.0,21.0,2025.0,5,2727.9,5.0,3.0,5.0
84.0,37.0,2025.0,6,841.38,5.0,5.0,5.0
84.0,42.0,2025.0,3,1850.88,6.0,5.5,4.25
84.0,10.0,2026.0,2,1242.53,3.0,4.5,4.75
84.0,14.0,2026.0,6,3727.59,2.0,2.5,4.0
84.0,15.0,2026.0,2,2485.06,6.0,4.0,4.25
84.0,16.0,2026.0,3,3727.59,2.0,4.0,3.25
84.0,17.0,2026.0,3,3727.59,3.0,2.5,3.25
84.0,18.0,2026.0,3,3727.59,3.0,3.0,3.5
84.0,20.0,2026.0,6,3727.59,3.0,3.0,2.75
85.0,33.0,2024.0,10,11728.5,0.0,0.0,0.0
85.0,34.0,2024.0,7,9740.29,10.0,0.0,0.0
85.0,37.0,2024.0,9,1703.88,7.0,8.5,0.0
85.0,40.0,2024.0,3,4491.33,9.0,8.0,0.0
85.0,48.0,2024.0,9,5947.2,3.0,6.0,7.25
85.0,49.0,2024.0,4,3012.44,9.0,6.0,7.0
85.0,1.0,2025.0,14,7889.97,4.0,6.5,6.25
85.0,11.0,2025.0,6,6781.62,14.0,9.0,7.5
85.0,18.0,2025.0,2,2045.12,6.0,10.0,8.25
85.0,19.0,2025.0,10,8276.1,2.0,4.0,6.5
85.0,21.0,2025.0,10,3059.95,10.0,6.0,8.0
85.0,22.0,2025.0,9,5364.9,10.0,10.0,7.0
85.0,26.0,2025.0,4,2970.56,9.0,9.5,7.75
85.0,29.0,2025.0,7,5116.3,4.0,6.5,8.25
85.0,30.0,2025.0,9,1922.13,7.0,5.5,7.5
85.0,43.0,2025.0,6,1913.46,9.0,8.0,7.25
85.0,44.0,2025.0,1,1251.02,6.0,7.5,6.5
85.0,10.0,2026.0,1,1172.85,1.0,3.5,5.75
85.0,11.0,2026.0,1,1172.85,1.0,1.0,4.25
85.0,13.0,2026.0,1,1172.85,1.0,1.0,2.25
85.0,16.0,2026.0,3,3518.55,1.0,1.0,1.0
85.0,17.0,2026.0,3,1759.275,3.0,2.0,1.5
85.0,18.0,2026.0,2,2345.7,3.0,3.0,2.0
86.0,34.0,2024.0,2,617.76,0.0,0.0,0.0
86.0,38.0,2024.0,10,7842.1,2.0,0.0,0.0
86.0,42.0,2024.0,10,4374.8,10.0,6.0,0.0
86.0,47.0,2024.0,4,579.16,10.0,10.0,0.0
86.0,49.0,2024.0,9,6092.1,4.0,7.0,6.5
86.0,5.0,2025.0,3,267.6,9.0,6.5,8.25
86.0,16.0,2025.0,13,1217.195,3.0,6.0,6.5
86.0,23.0,2025.0,4,769.6,13.0,8.0,7.25
86.0,29.0,2025.0,6,3401.16,4.0,8.5,7.25
86.0,31.0,2025.0,12,4417.545,6.0,5.0,6.5
86.0,34.0,2025.0,8,4097.27,12.0,9.0,8.75
86.0,41.0,2025.0,8,8384.8,8.0,10.0,7.5
86.0,42.0,2025.0,4,1776.16,8.0,8.0,8.5
86.0,45.0,2025.0,4,1390.24,4.0,6.0,8.0
86.0,11.0,2026.0,3,463.32,4.0,4.0,6.0
86.0,12.0,2026.0,1,308.88,3.0,3.5,4.75
86.0,13.0,2026.0,3,926.64,1.0,2.0,3.0
86.0,19.0,2026.0,2,617.76,3.0,2.0,2.75
86.0,20.0,2026.0,3,926.64,2.0,2.5,2.25
86.0,21.0,2026.0,3,463.32,3.0,2.5,2.25
87.0,35.0,2024.0,6,6462.54,0.0,0.0,0.0
87.0,36.0,2024.0,4,4266.84,6.0,0.0,0.0
87.0,38.0,2024.0,2,373.16,4.0,5.0,0.0
87.0,45.0,2024.0,6,2495.04,2.0,3.0,0.0
87.0,48.0,2024.0,3,3543.51,6.0,4.0,4.5
87.0,50.0,2024.0,2,2499.46,3.0,4.5,3.75
87.0,4.0,2025.0,6,2141.82,2.0,2.5,3.25
87.0,12.0,2025.0,1,1457.78,6.0,4.0,4.25
87.0,15.0,2025.0,4,5849.36,1.0,3.5,3.0
87.0,16.0,2025.0,10,9466.2,4.0,2.5,3.25
87.0,18.0,2025.0,3,180.96,10.0,7.0,5.25
87.0,20.0,2025.0,1,545.12,3.0,6.5,4.5
87.0,23.0,2025.0,6,8453.76,1.0,2.0,4.5
87.0,27.0,2025.0,9,3040.38,6.0,3.5,5.0
87.0,39.0,2025.0,3,1104.15,9.0,7.5,4.75
87.0,10.0,2026.0,3,3231.27,3.0,6.0,4.75
87.0,11.0,2026.0,2,2154.18,3.0,3.0,5.25
87.0,13.0,2026.0,4,2154.18,2.0,2.5,4.25
87.0,16.0,2026.0,1,1077.09,4.0,3.0,3.0
87.0,17.0,2026.0,3,3231.27,1.0,2.5,2.5
87.0,18.0,2026.0,3,3231.27,3.0,2.0,2.5
87.0,19.0,2026.0,1,1077.09,3.0,3.0,2.75
87.0,20.0,2026.0,2,2154.18,1.0,2.0,2.0
87.0,22.0,2026.0,2,2154.18,2.0,1.5,2.25
88.0,36.0,2024.0,8,6542.48,0.0,0.0,0.0
88.0,41.0,2024.0,1,1304.11,8.0,0.0,0.0
88.0,46.0,2024.0,3,4259.13,1.0,4.5,0.0
88.0,47.0,2024.0,10,6476.7,3.0,2.0,0.0
88.0,50.0,2024.0,7,8738.52,10.0,6.5,5.5
88.0,52.0,2024.0,8,5956.88,7.0,8.5,5.25
88.0,5.0,2025.0,8,9370.08,8.0,7.5,7.0
88.0,10.0,2025.0,2,154.3,8.0,8.0,8.25
88.0,26.0,2025.0,1,592.58,2.0,5.0,6.25
88.0,33.0,2025.0,1,220.69,1.0,1.5,4.75
88.0,36.0,2025.0,6,1190.82,1.0,1.0,3.0
88.0,40.0,2025.0,6,2587.38,6.0,3.5,2.5
88.0,13.0,2026.0,1,817.81,6.0,6.0,3.5
88.0,16.0,2026.0,3,1226.715,1.0,3.5,3.5
88.0,17.0,2026.0,3,2453.43,3.0,2.0,4.0
88.0,19.0,2026.0,3,2453.43,3.0,3.0,3.25
88.0,21.0,2026.0,3,2453.43,3.0,3.0,2.5
89.0,37.0,2024.0,8,3438.16,0.0,0.0,0.0
89.0,45.0,2024.0,3,728.25,8.0,0.0,0.0
89.0,47.0,2024.0,5,4692.45,3.0,5.5,0.0
89.0,50.0,2024.0,4,559.32,5.0,4.0,0.0
89.0,6.0,2025.0,9,1789.92,4.0,4.5,5.0
89.0,10.0,2025.0,2,1641.4,9.0,6.5,5.25
89.0,22.0,2025.0,4,5112.28,2.0,5.5,5.0
89.0,28.0,2025.0,3,954.63,4.0,3.0,4.75
89.0,37.0,2025.0,2,2378.76,3.0,3.5,4.5
89.0,39.0,2025.0,19,11929.5,2.0,2.5,2.75
89.0,10.0,2026.0,2,859.54,19.0,10.5,7.0
89.0,11.0,2026.0,1,429.77,2.0,10.5,6.5
89.0,12.0,2026.0,3,1289.31,1.0,1.5,6.0
89.0,20.0,2026.0,1,429.77,3.0,2.0,6.25
89.0,21.0,2026.0,1,429.77,1.0,2.0,1.75
90.0,11.0,2026.0,2,1101.94,0.0,0.0,0.0
90.0,12.0,2026.0,2,1101.94,2.0,0.0,0.0
90.0,13.0,2026.0,3,1652.91,2.0,2.0,0.0
90.0,14.0,2026.0,2,1101.94,3.0,2.5,0.0
90.0,16.0,2026.0,5,1377.425,2.0,2.5,2.25
90.0,18.0,2026.0,3,1652.91,5.0,3.5,3.0
90.0,19.0,2026.0,3,1652.91,3.0,4.0,3.25
90.0,20.0,2026.0,1,550.97,3.0,3.0,3.25
90.0,21.0,2026.0,2,1101.94,1.0,2.0,3.0
91.0,12.0,2026.0,1,46.0,0.0,0.0,0.0
91.0,13.0,2026.0,3,138.0,1.0,0.0,0.0
91.0,15.0,2026.0,1,46.0,3.0,2.0,0.0
91.0,16.0,2026.0,1,46.0,1.0,2.0,0.0
91.0,17.0,2026.0,2,92.0,1.0,1.0,1.5
91.0,18.0,2026.0,2,92.0,2.0,1.5,1.75
91.0,20.0,2026.0,3,138.0,2.0,2.0,1.5
91.0,22.0,2026.0,3,138.0,3.0,2.5,2.0
97.0,10.0,2026.0,3,168.0,0.0,0.0,0.0
97.0,13.0,2026.0,1,56.0,3.0,0.0,0.0
97.0,18.0,2026.0,3,168.0,1.0,2.0,0.0
97.0,19.0,2026.0,3,168.0,3.0,2.0,0.0
97.0,20.0,2026.0,2,112.0,3.0,3.0,2.5
98.0,9.0,2026.0,2,25.0,0.0,0.0,0.0
98.0,12.0,2026.0,7,29.166666666666668,2.0,0.0,0.0
98.0,13.0,2026.0,2,25.0,7.0,4.5,0.0
98.0,15.0,2026.0,1,12.5,2.0,4.5,0.0
98.0,17.0,2026.0,1,12.5,1.0,1.5,3.0
98.0,18.0,2026.0,1,12.5,1.0,1.0,2.75
98.0,19.0,2026.0,4,25.0,1.0,1.0,1.25
99.0,11.0,2026.0,1,10.9,0.0,0.0,0.0
99.0,12.0,2026.0,1,10.9,1.0,0.0,0.0
99.0,13.0,2026.0,2,10.9,1.0,1.0,0.0
99.0,14.0,2026.0,6,32.7,2.0,1.5,0.0
99.0,17.0,2026.0,4,21.8,6.0,4.0,2.5
99.0,18.0,2026.0,3,32.7,4.0,5.0,3.25
99.0,19.0,2026.0,2,21.8,3.0,3.5,3.75
99.0,20.0,2026.0,3,32.7,2.0,2.5,3.75
100.0,10.0,2026.0,3,25.5,0.0,0.0,0.0
100.0,12.0,2026.0,6,25.5,3.0,0.0,0.0
100.0,13.0,2026.0,3,25.5,6.0,4.5,0.0
100.0,15.0,2026.0,5,21.25,3.0,4.5,0.0
100.0,19.0,2026.0,1,8.5,5.0,4.0,4.25
100.0,22.0,2026.0,3,25.5,1.0,3.0,3.75
101.0,10.0,2026.0,1,6.5,0.0,0.0,0.0
101.0,11.0,2026.0,5,10.833333333333334,1.0,0.0,0.0
101.0,14.0,2026.0,2,13.0,5.0,3.0,0.0
101.0,15.0,2026.0,4,13.0,2.0,3.5,0.0
101.0,18.0,2026.0,1,6.5,4.0,3.0,3.0
101.0,19.0,2026.0,1,6.5,1.0,2.5,3.0
101.0,20.0,2026.0,4,13.0,1.0,1.0,2.0
101.0,21.0,2026.0,2,13.0,4.0,2.5,2.5
102.0,10.0,2026.0,2,27.0,0.0,0.0,0.0
102.0,11.0,2026.0,3,81.0,2.0,0.0,0.0
102.0,14.0,2026.0,1,27.0,3.0,2.5,0.0
102.0,15.0,2026.0,1,27.0,1.0,2.0,0.0
102.0,16.0,2026.0,1,27.0,1.0,1.0,1.75
102.0,18.0,2026.0,3,81.0,1.0,1.0,1.5
102.0,20.0,2026.0,1,27.0,3.0,2.0,1.5
102.0,21.0,2026.0,3,81.0,1.0,2.0,1.5
103.0,11.0,2026.0,2,92.0,0.0,0.0,0.0
103.0,14.0,2026.0,1,46.0,2.0,0.0,0.0
103.0,16.0,2026.0,6,138.0,1.0,1.5,0.0
103.0,20.0,2026.0,2,46.0,6.0,3.5,0.0
103.0,21.0,2026.0,2,92.0,2.0,4.0,2.75
103.0,22.0,2026.0,5,230.0,2.0,2.0,2.75
104.0,10.0,2026.0,5,93.33333333333333,0.0,0.0,0.0
104.0,12.0,2026.0,1,56.0,5.0,0.0,0.0
104.0,13.0,2026.0,1,56.0,1.0,3.0,0.0
104.0,21.0,2026.0,2,112.0,1.0,1.0,0.0
105.0,10.0,2026.0,1,8.0,0.0,0.0,0.0
105.0,11.0,2026.0,3,24.0,1.0,0.0,0.0
105.0,13.0,2026.0,5,20.0,3.0,2.0,0.0
105.0,15.0,2026.0,1,8.0,5.0,4.0,0.0
105.0,17.0,2026.0,1,8.0,1.0,3.0,2.5
105.0,21.0,2026.0,3,24.0,1.0,1.0,2.5
106.0,10.0,2026.0,3,18.0,0.0,0.0,0.0
106.0,12.0,2026.0,7,28.0,3.0,0.0,0.0
106.0,13.0,2026.0,4,24.0,7.0,5.0,0.0
106.0,16.0,2026.0,7,21.0,4.0,5.5,0.0
106.0,17.0,2026.0,2,24.0,7.0,5.5,5.25
106.0,18.0,2026.0,2,24.0,2.0,4.5,5.0
106.0,20.0,2026.0,6,36.0,2.0,2.0,3.75
106.0,21.0,2026.0,2,24.0,6.0,4.0,4.25
107.0,12.0,2026.0,2,16.0,0.0,0.0,0.0
107.0,13.0,2026.0,4,16.0,2.0,0.0,0.0
107.0,16.0,2026.0,3,24.0,4.0,3.0,0.0
107.0,17.0,2026.0,2,16.0,3.0,3.5,0.0
107.0,18.0,2026.0,2,16.0,2.0,2.5,2.75
107.0,19.0,2026.0,2,16.0,2.0,2.0,2.75
108.0,10.0,2026.0,3,28.5,0.0,0.0,0.0
108.0,12.0,2026.0,2,19.0,3.0,0.0,0.0
108.0,13.0,2026.0,2,19.0,2.0,2.5,0.0
108.0,14.0,2026.0,4,19.0,2.0,2.0,0.0
108.0,15.0,2026.0,3,14.25,4.0,3.0,2.75
108.0,16.0,2026.0,8,19.0,3.0,3.5,2.75
108.0,18.0,2026.0,2,19.0,8.0,5.5,4.25
108.0,20.0,2026.0,1,9.5,2.0,5.0,4.25
109.0,10.0,2026.0,3,10.5,0.0,0.0,0.0
109.0,15.0,2026.0,3,21.0,3.0,0.0,0.0
109.0,17.0,2026.0,4,14.0,3.0,3.0,0.0
109.0,21.0,2026.0,2,14.0,4.0,3.5,0.0
110.0,10.0,2026.0,1,5.5,0.0,0.0,0.0
110.0,12.0,2026.0,3,16.5,1.0,0.0,0.0
110.0,13.0,2026.0,6,16.5,3.0,2.0,0.0
110.0,15.0,2026.0,2,5.5,6.0,4.5,0.0
110.0,16.0,2026.0,8,14.666666666666666,2.0,4.0,3.0
110.0,19.0,2026.0,4,11.0,8.0,5.0,4.75
110.0,20.0,2026.0,2,5.5,4.0,6.0,5.0
110.0,22.0,2026.0,2,11.0,2.0,3.0,4.0
111.0,11.0,2026.0,3,105.0,0.0,0.0,0.0
111.0,13.0,2026.0,3,105.0,3.0,0.0,0.0
111.0,17.0,2026.0,3,105.0,3.0,3.0,0.0
111.0,18.0,2026.0,2,70.0,3.0,3.0,0.0
111.0,21.0,2026.0,2,70.0,2.0,2.5,2.75
111.0,22.0,2026.0,2,70.0,2.0,2.0,2.5
112.0,11.0,2026.0,1,15.0,0.0,0.0,0.0
112.0,12.0,2026.0,4,30.0,1.0,0.0,0.0
112.0,13.0,2026.0,6,45.0,4.0,2.5,0.0
112.0,15.0,2026.0,3,45.0,6.0,5.0,0.0
112.0,18.0,2026.0,2,30.0,3.0,4.5,3.5
112.0,19.0,2026.0,1,15.0,2.0,2.5,3.75
112.0,21.0,2026.0,3,45.0,1.0,1.5,3.0
113.0,12.0,2026.0,1,14.5,0.0,0.0,0.0
113.0,15.0,2026.0,6,29.0,1.0,0.0,0.0
113.0,16.0,2026.0,3,21.75,6.0,3.5,0.0
113.0,17.0,2026.0,2,14.5,3.0,4.5,0.0
113.0,19.0,2026.0,3,43.5,2.0,2.5,3.0
113.0,21.0,2026.0,1,14.5,3.0,2.5,3.5
114.0,10.0,2026.0,6,36.0,0.0,0.0,0.0
114.0,11.0,2026.0,3,36.0,6.0,0.0,0.0
114.0,12.0,2026.0,3,36.0,3.0,4.5,0.0
114.0,15.0,2026.0,3,18.0,3.0,3.0,0.0
114.0,19.0,2026.0,1,12.0,3.0,3.0,3.75
115.0,10.0,2026.0,3,15.0,0.0,0.0,0.0
115.0,12.0,2026.0,2,10.0,3.0,0.0,0.0
115.0,14.0,2026.0,4,6.666666666666667,2.0,2.5,0.0
115.0,15.0,2026.0,7,11.666666666666666,4.0,3.0,0.0
115.0,17.0,2026.0,4,6.666666666666667,7.0,5.5,4.0
115.0,18.0,2026.0,1,5.0,4.0,5.5,4.25
115.0,19.0,2026.0,3,7.5,1.0,2.5,4.0
115.0,20.0,2026.0,4,10.0,3.0,2.0,3.75
116.0,12.0,2026.0,5,62.5,0.0,0.0,0.0
116.0,14.0,2026.0,1,25.0,5.0,0.0,0.0
116.0,15.0,2026.0,3,75.0,1.0,3.0,0.0
116.0,16.0,2026.0,1,25.0,3.0,2.0,0.0
116.0,17.0,2026.0,2,50.0,1.0,2.0,2.5
116.0,18.0,2026.0,3,75.0,2.0,1.5,1.75
116.0,21.0,2026.0,4,50.0,3.0,2.5,2.25
117.0,13.0,2026.0,1,14.0,0.0,0.0,0.0
117.0,15.0,2026.0,2,28.0,1.0,0.0,0.0
117.0,16.0,2026.0,2,28.0,2.0,1.5,0.0
117.0,20.0,2026.0,5,35.0,2.0,2.0,0.0
117.0,22.0,2026.0,1,14.0,5.0,3.5,2.5
118.0,10.0,2026.0,4,9.0,0.0,0.0,0.0
118.0,16.0,2026.0,1,4.5,4.0,0.0,0.0
118.0,18.0,2026.0,5,11.25,1.0,2.5,0.0
118.0,21.0,2026.0,2,9.0,5.0,3.0,0.0
118.0,22.0,2026.0,3,13.5,2.0,3.5,3.0
119.0,10.0,2026.0,1,22.0,0.0,0.0,0.0
119.0,11.0,2026.0,1,22.0,1.0,0.0,0.0
119.0,17.0,2026.0,2,44.0,1.0,1.0,0.0
119.0,18.0,2026.0,5,55.0,2.0,1.5,0.0
119.0,20.0,2026.0,3,66.0,5.0,3.5,2.25
119.0,21.0,2026.0,3,66.0,3.0,4.0,2.75
120.0,10.0,2026.0,4,36.0,0.0,0.0,0.0
120.0,12.0,2026.0,1,18.0,4.0,0.0,0.0
120.0,13.0,2026.0,3,54.0,1.0,2.5,0.0
120.0,17.0,2026.0,1,18.0,3.0,2.0,0.0
120.0,18.0,2026.0,2,36.0,1.0,2.0,2.25
121.0,13.0,2026.0,4,32.0,0.0,0.0,0.0
121.0,16.0,2026.0,2,32.0,4.0,0.0,0.0
121.0,22.0,2026.0,2,32.0,2.0,3.0,0.0
122.0,11.0,2026.0,1,9.0,0.0,0.0,0.0
122.0,12.0,2026.0,1,9.0,1.0,0.0,0.0
122.0,13.0,2026.0,2,9.0,1.0,1.0,0.0
123.0,10.0,2026.0,1,7.5,0.0,0.0,0.0
123.0,11.0,2026.0,4,15.0,1.0,0.0,0.0
123.0,13.0,2026.0,3,11.25,4.0,2.5,0.0
123.0,15.0,2026.0,2,7.5,3.0,3.5,0.0
123.0,18.0,2026.0,1,7.5,2.0,2.5,2.5
123.0,19.0,2026.0,2,7.5,1.0,1.5,2.5
123.0,21.0,2026.0,3,22.5,2.0,1.5,2.0
123.0,22.0,2026.0,3,22.5,3.0,2.5,2.0
124.0,11.0,2026.0,3,5.25,0.0,0.0,0.0
124.0,12.0,2026.0,2,7.0,3.0,0.0,0.0
124.0,13.0,2026.0,3,3.5,2.0,2.5,0.0
124.0,17.0,2026.0,3,10.5,3.0,2.5,0.0
124.0,20.0,2026.0,2,7.0,3.0,3.0,2.75
125.0,15.0,2026.0,1,10.0,0.0,0.0,0.0
125.0,21.0,2026.0,1,10.0,1.0,0.0,0.0
126.0,11.0,2026.0,9,84.0,0.0,0.0,0.0
126.0,12.0,2026.0,2,28.0,9.0,0.0,0.0
126.0,15.0,2026.0,1,28.0,2.0,5.5,0.0
126.0,16.0,2026.0,1,28.0,1.0,1.5,0.0
126.0,17.0,2026.0,3,84.0,1.0,1.0,3.25
126.0,19.0,2026.0,2,28.0,3.0,2.0,1.75
126.0,20.0,2026.0,2,56.0,2.0,2.5,1.75
126.0,21.0,2026.0,2,56.0,2.0,2.0,2.0
127.0,10.0,2026.0,5,7.5,0.0,0.0,0.0
127.0,11.0,2026.0,1,3.0,5.0,0.0,0.0
127.0,17.0,2026.0,2,3.0,1.0,3.0,0.0
127.0,19.0,2026.0,3,9.0,2.0,1.5,0.0
127.0,21.0,2026.0,4,6.0,3.0,2.5,2.75
128.0,12.0,2026.0,3,96.0,0.0,0.0,0.0
128.0,13.0,2026.0,3,96.0,3.0,0.0,0.0
128.0,15.0,2026.0,3,96.0,3.0,3.0,0.0
128.0,16.0,2026.0,3,96.0,3.0,3.0,0.0
128.0,18.0,2026.0,1,32.0,3.0,3.0,3.0
128.0,19.0,2026.0,2,64.0,1.0,2.0,2.5
129.0,10.0,2026.0,1,12.0,0.0,0.0,0.0
129.0,11.0,2026.0,1,12.0,1.0,0.0,0.0
129.0,12.0,2026.0,1,12.0,1.0,1.0,0.0
129.0,14.0,2026.0,1,12.0,1.0,1.0,0.0
129.0,15.0,2026.0,5,20.0,1.0,1.0,1.0
129.0,16.0,2026.0,3,36.0,5.0,3.0,2.0
129.0,22.0,2026.0,1,12.0,3.0,4.0,2.5
130.0,10.0,2026.0,3,33.0,0.0,0.0,0.0
130.0,11.0,2026.0,2,44.0,3.0,0.0,0.0
130.0,12.0,2026.0,1,22.0,2.0,2.5,0.0
130.0,13.0,2026.0,1,22.0,1.0,1.5,0.0
130.0,14.0,2026.0,3,66.0,1.0,1.0,1.75
130.0,19.0,2026.0,6,44.0,3.0,2.0,1.75
130.0,20.0,2026.0,1,22.0,6.0,4.5,2.75
130.0,21.0,2026.0,5,55.0,1.0,3.5,2.75
131.0,10.0,2026.0,1,15.0,0.0,0.0,0.0
131.0,11.0,2026.0,3,45.0,1.0,0.0,0.0
131.0,12.0,2026.0,3,45.0,3.0,2.0,0.0
131.0,15.0,2026.0,1,15.0,3.0,3.0,0.0
131.0,16.0,2026.0,2,30.0,1.0,2.0,2.0
131.0,19.0,2026.0,4,30.0,2.0,1.5,2.25
132.0,10.0,2026.0,3,39.0,0.0,0.0,0.0
132.0,12.0,2026.0,3,78.0,3.0,0.0,0.0
132.0,13.0,2026.0,2,52.0,3.0,3.0,0.0
132.0,14.0,2026.0,3,78.0,2.0,2.5,0.0
132.0,15.0,2026.0,3,39.0,3.0,2.5,2.75
132.0,16.0,2026.0,6,78.0,3.0,3.0,2.75
132.0,17.0,2026.0,3,78.0,6.0,4.5,3.5
132.0,18.0,2026.0,2,52.0,3.0,4.5,3.75
132.0,21.0,2026.0,2,52.0,2.0,2.5,3.5
133.0,10.0,2026.0,2,20.0,0.0,0.0,0.0
133.0,11.0,2026.0,4,20.0,2.0,0.0,0.0
133.0,12.0,2026.0,4,20.0,4.0,3.0,0.0
133.0,13.0,2026.0,1,10.0,4.0,4.0,0.0
133.0,15.0,2026.0,2,20.0,1.0,2.5,2.75
133.0,17.0,2026.0,1,10.0,2.0,1.5,2.75
133.0,18.0,2026.0,1,10.0,1.0,1.5,2.0
133.0,19.0,2026.0,2,20.0,1.0,1.0,1.25
133.0,21.0,2026.0,6,30.0,2.0,1.5,1.5
133.0,22.0,2026.0,3,30.0,6.0,4.0,2.5
134.0,10.0,2026.0,2,178.0,0.0,0.0,0.0
134.0,14.0,2026.0,2,178.0,2.0,0.0,0.0
134.0,15.0,2026.0,1,89.0,2.0,2.0,0.0
134.0,16.0,2026.0,2,89.0,1.0,1.5,0.0
134.0,17.0,2026.0,6,178.0,2.0,1.5,1.75
134.0,18.0,2026.0,7,207.66666666666666,6.0,4.0,2.75
134.0,19.0,2026.0,2,89.0,7.0,6.5,4.0
134.0,20.0,2026.0,6,267.0,2.0,4.5,4.25
135.0,13.0,2026.0,2,30.0,0.0,0.0,0.0
135.0,14.0,2026.0,3,45.0,2.0,0.0,0.0
135.0,16.0,2026.0,1,15.0,3.0,2.5,0.0
135.0,17.0,2026.0,1,15.0,1.0,2.0,0.0
135.0,21.0,2026.0,3,45.0,1.0,1.0,1.75
136.0,10.0,2026.0,3,450.0,0.0,0.0,0.0
136.0,12.0,2026.0,4,300.0,3.0,0.0,0.0
136.0,14.0,2026.0,3,450.0,4.0,3.5,0.0
136.0,16.0,2026.0,3,450.0,3.0,3.5,0.0
136.0,18.0,2026.0,1,150.0,3.0,3.0,3.25
136.0,19.0,2026.0,5,375.0,1.0,2.0,2.75
136.0,20.0,2026.0,3,450.0,5.0,3.0,3.0
136.0,21.0,2026.0,3,450.0,3.0,4.0,3.0
137.0,10.0,2026.0,2,90.0,0.0,0.0,0.0
137.0,13.0,2026.0,4,90.0,2.0,0.0,0.0
137.0,14.0,2026.0,2,90.0,4.0,3.0,0.0
137.0,15.0,2026.0,3,135.0,2.0,3.0,0.0
137.0,16.0,2026.0,3,135.0,3.0,2.5,2.75
137.0,18.0,2026.0,2,45.0,3.0,3.0,3.0
137.0,21.0,2026.0,5,75.0,2.0,2.5,2.5
137.0,22.0,2026.0,1,45.0,5.0,3.5,3.25
138.0,10.0,2026.0,2,220.0,0.0,0.0,0.0
138.0,14.0,2026.0,5,550.0,2.0,0.0,0.0
138.0,16.0,2026.0,3,660.0,5.0,3.5,0.0
138.0,18.0,2026.0,1,220.0,3.0,4.0,0.0
138.0,19.0,2026.0,3,660.0,1.0,2.0,2.75
138.0,21.0,2026.0,7,513.3333333333334,3.0,2.0,3.0
139.0,11.0,2026.0,4,190.0,0.0,0.0,0.0
139.0,14.0,2026.0,2,190.0,4.0,0.0,0.0
139.0,17.0,2026.0,1,95.0,2.0,3.0,0.0
139.0,19.0,2026.0,3,285.0,1.0,1.5,0.0
139.0,20.0,2026.0,2,190.0,3.0,2.0,2.5
140.0,10.0,2026.0,4,360.0,0.0,0.0,0.0
140.0,11.0,2026.0,2,360.0,4.0,0.0,0.0
140.0,15.0,2026.0,4,360.0,2.0,3.0,0.0
140.0,16.0,2026.0,6,270.0,4.0,3.0,0.0
140.0,20.0,2026.0,5,450.0,6.0,5.0,4.0
140.0,24.0,2026.0,1,180.0,5.0,5.5,4.25
141.0,11.0,2026.0,2,170.0,0.0,0.0,0.0
141.0,13.0,2026.0,2,170.0,2.0,0.0,0.0
141.0,16.0,2026.0,3,255.0,2.0,2.0,0.0
141.0,21.0,2026.0,4,170.0,3.0,2.5,0.0
142.0,11.0,2026.0,2,130.0,0.0,0.0,0.0
142.0,13.0,2026.0,1,65.0,2.0,0.0,0.0
142.0,15.0,2026.0,1,65.0,1.0,1.5,0.0
142.0,16.0,2026.0,2,130.0,1.0,1.0,0.0
142.0,17.0,2026.0,2,130.0,2.0,1.5,1.5
142.0,20.0,2026.0,2,130.0,2.0,2.0,1.5
142.0,21.0,2026.0,3,97.5,2.0,2.0,1.75
143.0,10.0,2026.0,6,144.0,0.0,0.0,0.0
143.0,11.0,2026.0,1,48.0,6.0,0.0,0.0
143.0,13.0,2026.0,5,60.0,1.0,3.5,0.0
143.0,14.0,2026.0,2,48.0,5.0,3.0,0.0
143.0,17.0,2026.0,1,48.0,2.0,3.5,3.5
143.0,18.0,2026.0,3,144.0,1.0,1.5,2.25
143.0,19.0,2026.0,1,48.0,3.0,2.0,2.75
143.0,20.0,2026.0,3,144.0,1.0,2.0,1.75
143.0,21.0,2026.0,4,96.0,3.0,2.0,2.0
144.0,9.0,2026.0,2,240.0,0.0,0.0,0.0
144.0,10.0,2026.0,6,240.0,2.0,0.0,0.0
144.0,12.0,2026.0,2,240.0,6.0,4.0,0.0
144.0,15.0,2026.0,3,360.0,2.0,4.0,0.0
144.0,17.0,2026.0,4,240.0,3.0,2.5,3.25
144.0,20.0,2026.0,3,180.0,4.0,3.5,3.75
145.0,10.0,2026.0,3,225.0,0.0,0.0,0.0
145.0,11.0,2026.0,1,75.0,3.0,0.0,0.0
145.0,12.0,2026.0,1,75.0,1.0,2.0,0.0
145.0,15.0,2026.0,3,225.0,1.0,1.0,0.0
145.0,16.0,2026.0,1,75.0,3.0,2.0,2.0
145.0,17.0,2026.0,5,125.0,1.0,2.0,1.5
145.0,18.0,2026.0,2,150.0,5.0,3.0,2.5
145.0,19.0,2026.0,3,112.5,2.0,3.5,2.75
145.0,21.0,2026.0,2,150.0,3.0,2.5,2.75
145.0,22.0,2026.0,4,150.0,2.0,2.5,3.0
146.0,11.0,2026.0,1,25.0,0.0,0.0,0.0
146.0,17.0,2026.0,2,50.0,1.0,0.0,0.0
146.0,20.0,2026.0,3,75.0,2.0,1.5,0.0
146.0,21.0,2026.0,3,75.0,3.0,2.5,0.0
147.0,10.0,2026.0,1,1100.0,0.0,0.0,0.0
147.0,13.0,2026.0,5,2750.0,1.0,0.0,0.0
147.0,14.0,2026.0,6,3300.0,5.0,3.0,0.0
147.0,17.0,2026.0,1,1100.0,6.0,5.5,0.0
147.0,18.0,2026.0,3,3300.0,1.0,3.5,3.25
147.0,19.0,2026.0,3,3300.0,3.0,2.0,3.75
147.0,20.0,2026.0,2,2200.0,3.0,3.0,3.25
148.0,10.0,2026.0,2,1360.0,0.0,0.0,0.0
148.0,12.0,2026.0,2,1360.0,2.0,0.0,0.0
148.0,15.0,2026.0,2,1360.0,2.0,2.0,0.0
148.0,16.0,2026.0,3,2040.0,2.0,2.0,0.0
148.0,17.0,2026.0,1,680.0,3.0,2.5,2.25
148.0,18.0,2026.0,3,2040.0,1.0,2.0,2.0
148.0,19.0,2026.0,4,1360.0,3.0,2.0,2.25
148.0,20.0,2026.0,5,1700.0,4.0,3.5,2.75
149.0,14.0,2026.0,3,630.0,0.0,0.0,0.0
149.0,17.0,2026.0,3,630.0,3.0,0.0,0.0
149.0,18.0,2026.0,5,525.0,3.0,3.0,0.0
149.0,21.0,2026.0,2,420.0,5.0,4.0,0.0
149.0,23.0,2026.0,1,210.0,2.0,3.5,3.25
150.0,12.0,2026.0,3,450.0,0.0,0.0,0.0
150.0,17.0,2026.0,1,150.0,3.0,0.0,0.0
150.0,19.0,2026.0,1,150.0,1.0,2.0,0.0
150.0,20.0,2026.0,2,300.0,1.0,1.0,0.0
151.0,12.0,2026.0,2,110.0,0.0,0.0,0.0
151.0,13.0,2026.0,1,55.0,2.0,0.0,0.0
151.0,14.0,2026.0,3,165.0,1.0,1.5,0.0
151.0,15.0,2026.0,4,110.0,3.0,2.0,0.0
151.0,16.0,2026.0,2,55.0,4.0,3.5,2.5
151.0,18.0,2026.0,3,165.0,2.0,3.0,2.5
151.0,22.0,2026.0,2,110.0,3.0,2.5,3.0
152.0,10.0,2026.0,2,180.0,0.0,0.0,0.0
152.0,16.0,2026.0,1,90.0,2.0,0.0,0.0
152.0,19.0,2026.0,1,90.0,1.0,1.5,0.0
152.0,20.0,2026.0,3,270.0,1.0,1.0,0.0
152.0,21.0,2026.0,6,270.0,3.0,2.0,1.75
153.0,10.0,2026.0,1,95.0,0.0,0.0,0.0
153.0,12.0,2026.0,2,190.0,1.0,0.0,0.0
153.0,13.0,2026.0,1,95.0,2.0,1.5,0.0
153.0,18.0,2026.0,2,190.0,1.0,1.5,0.0
153.0,20.0,2026.0,9,213.75,2.0,1.5,1.5
154.0,10.0,2026.0,3,690.0,0.0,0.0,0.0
154.0,12.0,2026.0,1,230.0,3.0,0.0,0.0
154.0,13.0,2026.0,5,383.3333333333333,1.0,2.0,0.0
154.0,14.0,2026.0,1,230.0,5.0,3.0,0.0
154.0,15.0,2026.0,2,230.0,1.0,3.0,2.5
154.0,19.0,2026.0,5,575.0,2.0,1.5,2.25
154.0,20.0,2026.0,2,460.0,5.0,3.5,3.25
155.0,11.0,2026.0,2,360.0,0.0,0.0,0.0
155.0,12.0,2026.0,1,180.0,2.0,0.0,0.0
155.0,15.0,2026.0,4,360.0,1.0,1.5,0.0
155.0,16.0,2026.0,2,360.0,4.0,2.5,0.0
155.0,21.0,2026.0,2,360.0,2.0,3.0,2.25
156.0,10.0,2026.0,3,97.5,0.0,0.0,0.0
156.0,12.0,2026.0,2,130.0,3.0,0.0,0.0
156.0,13.0,2026.0,2,65.0,2.0,2.5,0.0
156.0,16.0,2026.0,3,195.0,2.0,2.0,0.0
156.0,17.0,2026.0,2,130.0,3.0,2.5,2.5
156.0,18.0,2026.0,3,195.0,2.0,2.5,2.25
156.0,20.0,2026.0,3,195.0,3.0,2.5,2.5
156.0,21.0,2026.0,1,65.0,3.0,3.0,2.75
156.0,22.0,2026.0,3,97.5,1.0,2.0,2.25
157.0,10.0,2026.0,1,85.0,0.0,0.0,0.0
157.0,12.0,2026.0,3,255.0,1.0,0.0,0.0
157.0,13.0,2026.0,4,170.0,3.0,2.0,0.0
157.0,14.0,2026.0,1,85.0,4.0,3.5,0.0
157.0,18.0,2026.0,6,255.0,1.0,2.5,2.25
157.0,19.0,2026.0,3,127.5,6.0,3.5,3.5
158.0,13.0,2026.0,4,240.0,0.0,0.0,0.0
158.0,19.0,2026.0,1,120.0,4.0,0.0,0.0
158.0,20.0,2026.0,2,240.0,1.0,2.5,0.0
159.0,10.0,2026.0,2,35.0,0.0,0.0,0.0
159.0,11.0,2026.0,1,35.0,2.0,0.0,0.0
159.0,15.0,2026.0,7,81.66666666666667,1.0,1.5,0.0
159.0,18.0,2026.0,2,70.0,7.0,4.0,0.0
159.0,20.0,2026.0,3,52.5,2.0,4.5,3.0
160.0,10.0,2026.0,5,162.5,0.0,0.0,0.0
160.0,11.0,2026.0,2,130.0,5.0,0.0,0.0
160.0,12.0,2026.0,4,130.0,2.0,3.5,0.0
160.0,15.0,2026.0,1,65.0,4.0,3.0,0.0
160.0,16.0,2026.0,5,162.5,1.0,2.5,3.0
160.0,20.0,2026.0,2,130.0,5.0,3.0,3.0
160.0,21.0,2026.0,3,195.0,2.0,3.5,3.0
161.0,11.0,2026.0,1,175.0,0.0,0.0,0.0
161.0,14.0,2026.0,4,350.0,1.0,0.0,0.0
161.0,17.0,2026.0,2,350.0,4.0,2.5,0.0
161.0,18.0,2026.0,2,350.0,2.0,3.0,0.0
161.0,21.0,2026.0,3,525.0,2.0,2.0,2.25
162.0,10.0,2026.0,3,450.0,0.0,0.0,0.0
162.0,14.0,2026.0,2,300.0,3.0,0.0,0.0
162.0,17.0,2026.0,6,300.0,2.0,2.5,0.0
162.0,18.0,2026.0,2,300.0,6.0,4.0,0.0
162.0,19.0,2026.0,1,150.0,2.0,4.0,3.25
162.0,20.0,2026.0,1,150.0,1.0,1.5,2.75
162.0,22.0,2026.0,3,450.0,1.0,1.0,2.5
163.0,10.0,2026.0,1,210.0,0.0,0.0,0.0
163.0,11.0,2026.0,9,630.0,1.0,0.0,0.0
163.0,12.0,2026.0,4,420.0,9.0,5.0,0.0
163.0,16.0,2026.0,3,630.0,4.0,6.5,0.0
163.0,19.0,2026.0,3,630.0,3.0,3.5,4.25
164.0,12.0,2026.0,2,195.0,0.0,0.0,0.0
164.0,14.0,2026.0,3,585.0,2.0,0.0,0.0
164.0,15.0,2026.0,3,585.0,3.0,2.5,0.0
164.0,19.0,2026.0,2,390.0,3.0,3.0,0.0
164.0,21.0,2026.0,4,390.0,2.0,2.5,2.5
165.0,10.0,2026.0,1,55.0,0.0,0.0,0.0
165.0,12.0,2026.0,2,110.0,1.0,0.0,0.0
165.0,13.0,2026.0,7,128.33333333333334,2.0,1.5,0.0
165.0,14.0,2026.0,2,55.0,7.0,4.5,0.0
165.0,15.0,2026.0,2,110.0,2.0,4.5,3.0
165.0,19.0,2026.0,1,55.0,2.0,2.0,3.25
165.0,20.0,2026.0,1,55.0,1.0,1.5,3.0
165.0,21.0,2026.0,4,110.0,1.0,1.0,1.5
165.0,22.0,2026.0,2,110.0,4.0,2.5,2.0
166.0,11.0,2026.0,1,6.0,0.0,0.0,0.0
166.0,12.0,2026.0,2,12.0,1.0,0.0,0.0
166.0,15.0,2026.0,3,18.0,2.0,1.5,0.0
166.0,17.0,2026.0,2,12.0,3.0,2.5,0.0
166.0,18.0,2026.0,4,8.0,2.0,2.5,2.0
166.0,19.0,2026.0,2,12.0,4.0,3.0,2.75
166.0,20.0,2026.0,2,12.0,2.0,3.0,2.75
167.0,11.0,2026.0,2,8.0,0.0,0.0,0.0
167.0,13.0,2026.0,3,12.0,2.0,0.0,0.0
167.0,16.0,2026.0,3,12.0,3.0,2.5,0.0
167.0,19.0,2026.0,1,4.0,3.0,3.0,0.0
167.0,20.0,2026.0,2,8.0,1.0,2.0,2.25
167.0,21.0,2026.0,8,10.666666666666666,2.0,1.5,2.25
167.0,22.0,2026.0,2,8.0,8.0,5.0,3.5
168.0,10.0,2026.0,1,8.0,0.0,0.0,0.0
168.0,12.0,2026.0,7,18.666666666666668,1.0,0.0,0.0
168.0,19.0,2026.0,1,8.0,7.0,4.0,0.0
168.0,20.0,2026.0,2,16.0,1.0,4.0,0.0
168.0,21.0,2026.0,2,16.0,2.0,1.5,2.75
169.0,10.0,2026.0,5,45.0,0.0,0.0,0.0
169.0,11.0,2026.0,3,54.0,5.0,0.0,0.0
169.0,13.0,2026.0,1,18.0,3.0,4.0,0.0
169.0,16.0,2026.0,3,27.0,1.0,2.0,0.0
169.0,17.0,2026.0,1,18.0,3.0,2.0,3.0
169.0,19.0,2026.0,5,45.0,1.0,2.0,2.0
170.0,10.0,2026.0,3,66.0,0.0,0.0,0.0
170.0,11.0,2026.0,3,66.0,3.0,0.0,0.0
170.0,12.0,2026.0,2,44.0,3.0,3.0,0.0
170.0,13.0,2026.0,1,22.0,2.0,2.5,0.0
170.0,19.0,2026.0,4,44.0,1.0,1.5,2.25
170.0,20.0,2026.0,2,44.0,4.0,2.5,2.5
170.0,22.0,2026.0,1,22.0,2.0,3.0,2.25
171.0,10.0,2026.0,5,162.5,0.0,0.0,0.0
171.0,11.0,2026.0,6,195.0,5.0,0.0,0.0
171.0,12.0,2026.0,1,65.0,6.0,5.5,0.0
171.0,16.0,2026.0,2,130.0,1.0,3.5,0.0
171.0,18.0,2026.0,2,130.0,2.0,1.5,3.5
171.0,19.0,2026.0,5,162.5,2.0,2.0,2.75
171.0,21.0,2026.0,1,65.0,5.0,3.5,2.5
172.0,10.0,2026.0,3,84.0,0.0,0.0,0.0
172.0,12.0,2026.0,3,42.0,3.0,0.0,0.0
172.0,14.0,2026.0,3,84.0,3.0,3.0,0.0
172.0,15.0,2026.0,4,56.0,3.0,3.0,0.0
172.0,17.0,2026.0,1,28.0,4.0,3.5,3.25
172.0,18.0,2026.0,6,84.0,1.0,2.5,2.75
173.0,10.0,2026.0,2,27.0,0.0,0.0,0.0
173.0,12.0,2026.0,1,13.5,2.0,0.0,0.0
173.0,13.0,2026.0,1,13.5,1.0,1.5,0.0
173.0,15.0,2026.0,3,13.5,1.0,1.0,0.0
173.0,16.0,2026.0,6,40.5,3.0,2.0,1.75
173.0,17.0,2026.0,1,13.5,6.0,4.5,2.75
173.0,20.0,2026.0,2,27.0,1.0,3.5,2.75
174.0,11.0,2026.0,2,17.0,0.0,0.0,0.0
174.0,13.0,2026.0,2,17.0,2.0,0.0,0.0
174.0,17.0,2026.0,3,25.5,2.0,2.0,0.0
174.0,18.0,2026.0,3,25.5,3.0,2.5,0.0
174.0,19.0,2026.0,2,17.0,3.0,3.0,2.5
175.0,10.0,2026.0,7,23.333333333333332,0.0,0.0,0.0
175.0,12.0,2026.0,1,10.0,7.0,0.0,0.0
175.0,14.0,2026.0,1,10.0,1.0,4.0,0.0
175.0,19.0,2026.0,3,30.0,1.0,1.0,0.0
176.0,11.0,2026.0,3,7.5,0.0,0.0,0.0
176.0,14.0,2026.0,4,10.0,3.0,0.0,0.0
176.0,18.0,2026.0,2,10.0,4.0,3.5,0.0
176.0,20.0,2026.0,3,15.0,2.0,3.0,0.0
176.0,21.0,2026.0,3,15.0,3.0,2.5,3.0
177.0,12.0,2026.0,2,15.0,0.0,0.0,0.0
177.0,14.0,2026.0,3,22.5,2.0,0.0,0.0
177.0,15.0,2026.0,1,7.5,3.0,2.5,0.0
177.0,18.0,2026.0,3,22.5,1.0,2.0,0.0
177.0,19.0,2026.0,2,15.0,3.0,2.0,2.25
177.0,20.0,2026.0,2,15.0,2.0,2.5,2.25
178.0,10.0,2026.0,4,24.0,0.0,0.0,0.0
178.0,11.0,2026.0,1,12.0,4.0,0.0,0.0
178.0,16.0,2026.0,3,36.0,1.0,2.5,0.0
178.0,17.0,2026.0,1,12.0,3.0,2.0,0.0
179.0,13.0,2026.0,3,10.5,0.0,0.0,0.0
179.0,17.0,2026.0,3,10.5,3.0,0.0,0.0
179.0,20.0,2026.0,2,7.0,3.0,3.0,0.0
180.0,10.0,2026.0,1,9.0,0.0,0.0,0.0
180.0,11.0,2026.0,1,9.0,1.0,0.0,0.0
180.0,12.0,2026.0,1,9.0,1.0,1.0,0.0
180.0,13.0,2026.0,6,18.0,1.0,1.0,0.0
180.0,16.0,2026.0,7,21.0,6.0,3.5,2.25
180.0,17.0,2026.0,1,9.0,7.0,6.5,3.75
180.0,18.0,2026.0,3,27.0,1.0,4.0,3.75
180.0,19.0,2026.0,5,22.5,3.0,2.0,4.25
181.0,10.0,2026.0,3,18.0,0.0,0.0,0.0
181.0,11.0,2026.0,7,28.0,3.0,0.0,0.0
181.0,13.0,2026.0,2,24.0,7.0,5.0,0.0
181.0,19.0,2026.0,4,24.0,2.0,4.5,0.0
181.0,21.0,2026.0,5,30.0,4.0,3.0,4.0
181.0,22.0,2026.0,4,24.0,5.0,4.5,4.5
182.0,10.0,2026.0,2,32.0,0.0,0.0,0.0
182.0,18.0,2026.0,1,16.0,2.0,0.0,0.0
182.0,19.0,2026.0,3,48.0,1.0,1.5,0.0
182.0,20.0,2026.0,3,48.0,3.0,2.0,0.0
183.0,11.0,2026.0,7,16.333333333333332,0.0,0.0,0.0
183.0,12.0,2026.0,2,14.0,7.0,0.0,0.0
183.0,13.0,2026.0,5,17.5,2.0,4.5,0.0
183.0,15.0,2026.0,7,16.333333333333332,5.0,3.5,0.0
183.0,16.0,2026.0,2,14.0,7.0,6.0,5.25
183.0,18.0,2026.0,2,14.0,2.0,4.5,4.0
183.0,19.0,2026.0,2,14.0,2.0,2.0,4.0
183.0,22.0,2026.0,1,7.0,2.0,2.0,3.25
184.0,10.0,2026.0,3,42.0,0.0,0.0,0.0
184.0,18.0,2026.0,3,42.0,3.0,0.0,0.0
184.0,19.0,2026.0,3,42.0,3.0,3.0,0.0
184.0,22.0,2026.0,3,42.0,3.0,3.0,0.0
185.0,10.0,2026.0,1,5.0,0.0,0.0,0.0
185.0,13.0,2026.0,5,12.5,1.0,0.0,0.0
185.0,17.0,2026.0,1,5.0,5.0,3.0,0.0
185.0,19.0,2026.0,4,10.0,1.0,3.0,0.0
185.0,20.0,2026.0,2,10.0,4.0,2.5,2.75
186.0,10.0,2026.0,6,21.0,0.0,0.0,0.0
186.0,13.0,2026.0,1,14.0,6.0,0.0,0.0
186.0,14.0,2026.0,3,42.0,1.0,3.5,0.0
186.0,16.0,2026.0,1,14.0,3.0,2.0,0.0
186.0,17.0,2026.0,3,42.0,1.0,2.0,2.75
186.0,18.0,2026.0,1,14.0,3.0,2.0,2.0
186.0,21.0,2026.0,5,23.333333333333332,1.0,2.0,2.0
186.0,22.0,2026.0,3,42.0,5.0,3.0,2.5
187.0,10.0,2026.0,2,90.0,0.0,0.0,0.0
187.0,11.0,2026.0,2,90.0,2.0,0.0,0.0
187.0,13.0,2026.0,3,135.0,2.0,2.0,0.0
187.0,15.0,2026.0,3,135.0,3.0,2.5,0.0
187.0,16.0,2026.0,3,135.0,3.0,3.0,2.5
187.0,18.0,2026.0,2,90.0,3.0,3.0,2.75
188.0,12.0,2026.0,3,90.0,0.0,0.0,0.0
188.0,15.0,2026.0,6,90.0,3.0,0.0,0.0
188.0,17.0,2026.0,3,45.0,6.0,4.5,0.0
188.0,18.0,2026.0,3,45.0,3.0,4.5,0.0
188.0,20.0,2026.0,2,60.0,3.0,3.0,3.75
188.0,21.0,2026.0,5,50.0,2.0,2.5,3.5
188.0,22.0,2026.0,3,90.0,5.0,3.5,3.25
189.0,10.0,2026.0,5,116.66666666666667,0.0,0.0,0.0
189.0,12.0,2026.0,3,210.0,5.0,0.0,0.0
189.0,14.0,2026.0,8,140.0,3.0,4.0,0.0
189.0,15.0,2026.0,3,210.0,8.0,5.5,0.0
189.0,17.0,2026.0,1,70.0,3.0,5.5,4.75
189.0,18.0,2026.0,1,70.0,1.0,2.0,3.75
189.0,19.0,2026.0,2,140.0,1.0,1.0,3.25
189.0,20.0,2026.0,2,70.0,2.0,1.5,1.75
190.0,10.0,2026.0,3,105.0,0.0,0.0,0.0
190.0,14.0,2026.0,3,105.0,3.0,0.0,0.0
190.0,15.0,2026.0,1,35.0,3.0,3.0,0.0
190.0,16.0,2026.0,2,70.0,1.0,2.0,0.0
190.0,19.0,2026.0,3,105.0,2.0,1.5,2.25
191.0,10.0,2026.0,1,950.0,0.0,0.0,0.0
191.0,11.0,2026.0,2,1900.0,1.0,0.0,0.0
191.0,14.0,2026.0,3,2850.0,2.0,1.5,0.0
191.0,15.0,2026.0,1,950.0,3.0,2.5,0.0
191.0,16.0,2026.0,3,2850.0,1.0,2.0,1.75
191.0,18.0,2026.0,2,1900.0,3.0,2.0,2.25
191.0,19.0,2026.0,3,2850.0,2.0,2.5,2.25
191.0,20.0,2026.0,2,1900.0,3.0,2.5,2.25
192.0,11.0,2026.0,1,120.0,0.0,0.0,0.0
192.0,12.0,2026.0,4,240.0,1.0,0.0,0.0
192.0,13.0,2026.0,2,240.0,4.0,2.5,0.0
192.0,16.0,2026.0,7,280.0,2.0,3.0,0.0
192.0,18.0,2026.0,1,120.0,7.0,4.5,3.5
192.0,19.0,2026.0,5,300.0,1.0,4.0,3.5
192.0,22.0,2026.0,1,120.0,5.0,3.0,3.75
193.0,10.0,2026.0,4,40.0,0.0,0.0,0.0
193.0,11.0,2026.0,2,60.0,4.0,0.0,0.0
193.0,12.0,2026.0,4,60.0,2.0,3.0,0.0
193.0,15.0,2026.0,4,60.0,4.0,3.0,0.0
193.0,17.0,2026.0,2,60.0,4.0,4.0,3.5
193.0,19.0,2026.0,3,45.0,2.0,3.0,3.0
193.0,20.0,2026.0,8,80.0,3.0,2.5,3.25
193.0,21.0,2026.0,3,90.0,8.0,5.5,4.25
194.0,10.0,2026.0,1,85.0,0.0,0.0,0.0
194.0,15.0,2026.0,7,198.33333333333334,1.0,0.0,0.0
194.0,16.0,2026.0,2,170.0,7.0,4.0,0.0
194.0,17.0,2026.0,1,85.0,2.0,4.5,0.0
194.0,18.0,2026.0,2,170.0,1.0,1.5,2.75
194.0,19.0,2026.0,8,226.66666666666666,2.0,1.5,3.0
194.0,21.0,2026.0,2,170.0,8.0,5.0,3.25
194.0,22.0,2026.0,2,170.0,2.0,5.0,3.25
195.0,11.0,2026.0,3,105.0,0.0,0.0,0.0
195.0,12.0,2026.0,3,105.0,3.0,0.0,0.0
195.0,13.0,2026.0,2,35.0,3.0,3.0,0.0
195.0,14.0,2026.0,3,105.0,2.0,2.5,0.0
195.0,16.0,2026.0,5,87.5,3.0,2.5,2.75
195.0,18.0,2026.0,1,35.0,5.0,4.0,3.25
195.0,19.0,2026.0,3,105.0,1.0,3.0,2.75
195.0,20.0,2026.0,3,105.0,3.0,2.0,3.0
195.0,21.0,2026.0,2,70.0,3.0,3.0,3.0
196.0,10.0,2026.0,1,120.0,0.0,0.0,0.0
196.0,11.0,2026.0,5,300.0,1.0,0.0,0.0
196.0,13.0,2026.0,1,120.0,5.0,3.0,0.0
196.0,15.0,2026.0,3,360.0,1.0,3.0,0.0
196.0,18.0,2026.0,1,120.0,3.0,2.0,2.5
196.0,19.0,2026.0,1,120.0,1.0,2.0,2.5
196.0,20.0,2026.0,2,240.0,1.0,1.0,1.5
196.0,21.0,2026.0,3,360.0,2.0,1.5,1.75
197.0,12.0,2026.0,1,140.0,0.0,0.0,0.0
197.0,15.0,2026.0,5,350.0,1.0,0.0,0.0
197.0,19.0,2026.0,6,420.0,5.0,3.0,0.0
197.0,22.0,2026.0,15,2100.0,6.0,5.5,0.0
198.0,10.0,2026.0,1,230.0,0.0,0.0,0.0
198.0,12.0,2026.0,2,460.0,1.0,0.0,0.0
198.0,13.0,2026.0,1,230.0,2.0,1.5,0.0
198.0,14.0,2026.0,1,230.0,1.0,1.5,0.0
198.0,17.0,2026.0,3,690.0,1.0,1.0,1.25
198.0,19.0,2026.0,4,460.0,3.0,2.0,1.75
198.0,20.0,2026.0,2,460.0,4.0,3.5,2.25
199.0,10.0,2026.0,2,120.0,0.0,0.0,0.0
199.0,11.0,2026.0,4,120.0,2.0,0.0,0.0
199.0,12.0,2026.0,4,120.0,4.0,3.0,0.0
199.0,13.0,2026.0,6,120.0,4.0,4.0,0.0
199.0,14.0,2026.0,3,180.0,6.0,5.0,4.0
199.0,17.0,2026.0,3,90.0,3.0,4.5,4.25
199.0,20.0,2026.0,1,60.0,3.0,3.0,4.0
200.0,11.0,2026.0,8,32.0,0.0,0.0,0.0
200.0,12.0,2026.0,1,12.0,8.0,0.0,0.0
200.0,15.0,2026.0,2,24.0,1.0,4.5,0.0
200.0,18.0,2026.0,2,24.0,2.0,1.5,0.0
200.0,20.0,2026.0,3,36.0,2.0,2.0,3.25
201.0,10.0,2026.0,1,9.0,0.0,0.0,0.0
201.0,12.0,2026.0,1,9.0,1.0,0.0,0.0
201.0,13.0,2026.0,1,9.0,1.0,1.0,0.0
201.0,14.0,2026.0,2,18.0,1.0,1.0,0.0
201.0,16.0,2026.0,3,27.0,2.0,1.5,1.25
201.0,21.0,2026.0,5,15.0,3.0,2.5,1.75
202.0,10.0,2026.0,3,75.0,0.0,0.0,0.0
202.0,13.0,2026.0,3,75.0,3.0,0.0,0.0
202.0,14.0,2026.0,6,50.0,3.0,3.0,0.0
202.0,15.0,2026.0,3,75.0,6.0,4.5,0.0
202.0,16.0,2026.0,2,25.0,3.0,4.5,3.75
202.0,18.0,2026.0,5,62.5,2.0,2.5,3.5
203.0,11.0,2026.0,3,54.0,0.0,0.0,0.0
203.0,13.0,2026.0,3,54.0,3.0,0.0,0.0
203.0,16.0,2026.0,3,54.0,3.0,3.0,0.0
203.0,17.0,2026.0,5,45.0,3.0,3.0,0.0
203.0,18.0,2026.0,6,54.0,5.0,4.0,3.5
203.0,20.0,2026.0,1,18.0,6.0,5.5,4.25
203.0,21.0,2026.0,3,54.0,1.0,3.5,3.75
203.0,22.0,2026.0,2,18.0,3.0,2.0,3.75
204.0,11.0,2026.0,2,76.0,0.0,0.0,0.0
204.0,12.0,2026.0,2,76.0,2.0,0.0,0.0
204.0,13.0,2026.0,1,38.0,2.0,2.0,0.0
204.0,14.0,2026.0,1,38.0,1.0,1.5,0.0
204.0,15.0,2026.0,1,38.0,1.0,1.0,1.5
204.0,16.0,2026.0,2,76.0,1.0,1.0,1.25
204.0,17.0,2026.0,3,114.0,2.0,1.5,1.25
204.0,20.0,2026.0,3,114.0,3.0,2.5,1.75
204.0,21.0,2026.0,6,114.0,3.0,3.0,2.25
205.0,10.0,2026.0,2,60.0,0.0,0.0,0.0
205.0,12.0,2026.0,2,60.0,2.0,0.0,0.0
205.0,13.0,2026.0,2,60.0,2.0,2.0,0.0
205.0,14.0,2026.0,1,30.0,2.0,2.0,0.0
205.0,18.0,2026.0,3,90.0,1.0,1.5,1.75
205.0,20.0,2026.0,1,30.0,3.0,2.0,2.0
206.0,10.0,2026.0,1,20.0,0.0,0.0,0.0
206.0,11.0,2026.0,2,40.0,1.0,0.0,0.0
206.0,12.0,2026.0,2,40.0,2.0,1.5,0.0
206.0,13.0,2026.0,3,60.0,2.0,2.0,0.0
206.0,14.0,2026.0,1,20.0,3.0,2.5,2.0
206.0,15.0,2026.0,4,40.0,1.0,2.0,2.0
206.0,16.0,2026.0,5,50.0,4.0,2.5,2.5
206.0,17.0,2026.0,1,20.0,5.0,4.5,3.25
206.0,20.0,2026.0,3,60.0,1.0,3.0,2.75
206.0,21.0,2026.0,6,40.0,3.0,2.0,3.25
206.0,22.0,2026.0,3,60.0,6.0,4.5,3.75
207.0,22.0,2026.0,4,133.33333333333334,0.0,0.0,0.0
0.0,1.0,2024.0,7,6202.98,0.0,0.0,0.0
0.0,27.0,2024.0,5,2804.85,0.0,0.0,0.0
0.0,28.0,2024.0,13,849.885,0.0,0.0,0.0
0.0,29.0,2024.0,10,1244.9,0.0,0.0,0.0
0.0,30.0,2024.0,2,1477.1,0.0,0.0,0.0
0.0,31.0,2024.0,4,4177.24,0.0,0.0,0.0
0.0,32.0,2024.0,2,126.54,0.0,0.0,0.0
0.0,33.0,2024.0,11,1736.6233333333332,0.0,0.0,0.0
0.0,36.0,2024.0,3,3753.69,0.0,0.0,0.0
0.0,37.0,2024.0,19,9778.995,0.0,0.0,0.0
0.0,40.0,2024.0,1,380.68,0.0,0.0,0.0
0.0,42.0,2024.0,4,4985.6,0.0,0.0,0.0
0.0,43.0,2024.0,1,1370.4,0.0,0.0,0.0
0.0,44.0,2024.0,1,221.11,0.0,0.0,0.0
0.0,46.0,2024.0,6,2868.56,0.0,0.0,0.0
0.0,47.0,2024.0,10,9017.3,0.0,0.0,0.0
0.0,49.0,2024.0,3,3890.61,0.0,0.0,0.0
0.0,50.0,2024.0,17,8969.25,0.0,0.0,0.0
0.0,51.0,2024.0,5,681.91,0.0,0.0,0.0
0.0,52.0,2024.0,9,10184.4,0.0,0.0,0.0
0.0,2.0,2025.0,5,4758.05,0.0,0.0,0.0
0.0,3.0,2025.0,9,6459.57,0.0,0.0,0.0
0.0,4.0,2025.0,11,4764.245,0.0,0.0,0.0
0.0,5.0,2025.0,10,9939.9,0.0,0.0,0.0
0.0,6.0,2025.0,9,5502.615,0.0,0.0,0.0
0.0,7.0,2025.0,10,5354.6,0.0,0.0,0.0
0.0,9.0,2025.0,2,1687.5,0.0,0.0,0.0
0.0,10.0,2025.0,15,4841.85,0.0,0.0,0.0
0.0,11.0,2025.0,11,1875.195,0.0,0.0,0.0
0.0,12.0,2025.0,7,2823.94,0.0,0.0,0.0
0.0,14.0,2025.0,8,2959.36,0.0,0.0,0.0
0.0,17.0,2025.0,12,5000.82,0.0,0.0,0.0
0.0,18.0,2025.0,10,14639.8,0.0,0.0,0.0
0.0,19.0,2025.0,8,7039.2,0.0,0.0,0.0
0.0,20.0,2025.0,1,1285.77,0.0,0.0,0.0
0.0,24.0,2025.0,8,3402.18,0.0,0.0,0.0
0.0,25.0,2025.0,6,8008.44,0.0,0.0,0.0
0.0,26.0,2025.0,10,1855.9,0.0,0.0,0.0
0.0,27.0,2025.0,17,6508.705,0.0,0.0,0.0
0.0,28.0,2025.0,5,960.7,0.0,0.0,0.0
0.0,29.0,2025.0,10,5318.3,0.0,0.0,0.0
0.0,30.0,2025.0,1,675.93,0.0,0.0,0.0
0.0,31.0,2025.0,16,3803.38,0.0,0.0,0.0
0.0,32.0,2025.0,20,5209.4,0.0,0.0,0.0
0.0,35.0,2025.0,2,1424.56,0.0,0.0,0.0
0.0,37.0,2025.0,3,503.46,0.0,0.0,0.0
0.0,40.0,2025.0,3,1886.25,0.0,0.0,0.0
0.0,41.0,2025.0,18,10697.3,0.0,0.0,0.0
0.0,43.0,2025.0,6,4377.6,0.0,0.0,0.0
0.0,46.0,2025.0,10,4826.3,0.0,0.0,0.0
